"gene_id","avg_rank"
"ENSG00000171621",4.6
"ENSG00000189337",7.8
"ENSG00000171729",9.6
"ENSG00000117154",11.6
"ENSG00000127472",14
"ENSG00000142798",15.2
"ENSG00000020633",20.2
"ENSG00000142748",22.4
"ENSG00000000938",23.4
"ENSG00000162511",26
"ENSG00000162512",27
"ENSG00000119535",31
"ENSG00000162367",38.8
"ENSG00000186094",41.4
"ENSG00000234810",47
"ENSG00000185483",53.8
"ENSG00000158966",55
"ENSG00000184588",58.2
"ENSG00000118473",59.2
"ENSG00000050628",63
"ENSG00000229956",64
"ENSG00000172260",65
"ENSG00000137968",67.4
"ENSG00000184005",68.4
"ENSG00000162614",69.8
"ENSG00000137959",71.4
"ENSG00000162618",72.8
"ENSG00000117114",74
"ENSG00000153898",79
"ENSG00000142871",81
"ENSG00000237505",83.8
"ENSG00000079335",95.4
"ENSG00000162692",96.6
"ENSG00000134215",98.4
"ENSG00000143119",102
"ENSG00000231246",103.6
"ENSG00000143079",104.6
"ENSG00000134242",106.2
"ENSG00000163393",109
"ENSG00000237188",118.8
"ENSG00000183853",132.6
"ENSG00000163564",135
"ENSG00000163565",136
"ENSG00000066294",141.6
"ENSG00000117143",151.2
"ENSG00000185630",153.6
"ENSG00000198821",155.8
"ENSG00000198771",156.8
"ENSG00000231424",161.6
"ENSG00000117501",162.6
"ENSG00000116183",170.6
"ENSG00000075391",173.4
"ENSG00000228918",176.2
"ENSG00000135821",177.2
"ENSG00000135838",179.6
"ENSG00000143344",182.6
"ENSG00000116667",183.8
"ENSG00000135842",184.8
"ENSG00000143341",185.8
"ENSG00000116711",188.2
"ENSG00000090104",191.2
"ENSG00000227240",193.6
"ENSG00000066279",196
"ENSG00000081237",197.6
"ENSG00000229989",198.6
"ENSG00000118193",200.2
"ENSG00000134369",201.4
"ENSG00000133048",204.6
"ENSG00000266028",210.4
"ENSG00000196352",213.4
"ENSG00000203710",214.4
"ENSG00000230461",221.6
"ENSG00000152104",223.8
"ENSG00000196482",225.8
"ENSG00000228063",228
"ENSG00000236230",231.8
"ENSG00000154380",235
"ENSG00000143772",238.4
"ENSG00000162946",240.4
"ENSG00000116991",241.6
"ENSG00000135749",242.8
"ENSG00000183780",245.4
"ENSG00000198626",248.6
"ENSG00000133019",249.8
"ENSG00000233355",250.8
"ENSG00000180875",252
"ENSG00000117009",253.8
"ENSG00000162849",257.4
"ENSG00000235749",259.8
"ENSG00000130508",261.8
"ENSG00000151692",265.4
"ENSG00000143797",268
"ENSG00000151693",269
"ENSG00000224184",272.2
"ENSG00000287291",275
"ENSG00000197872",276
"ENSG00000233005",280.4
"ENSG00000232451",282.2
"ENSG00000119771",283.2
"ENSG00000158089",288.2
"ENSG00000013016",289.2
"ENSG00000158125",290.2
"ENSG00000152689",291.8
"ENSG00000150938",295.6
"ENSG00000227028",298.2
"ENSG00000183023",299.2
"ENSG00000152527",301.6
"ENSG00000179915",306.8
"ENSG00000214595",309
"ENSG00000115380",310.6
"ENSG00000271955",313.2
"ENSG00000119866",315.2
"ENSG00000197329",318.8
"ENSG00000143995",321.2
"ENSG00000235885",322.4
"ENSG00000115956",324.6
"ENSG00000163219",325.6
"ENSG00000169604",326.8
"ENSG00000196975",327.8
"ENSG00000176204",334.8
"ENSG00000211592",342.4
"ENSG00000144218",347.8
"ENSG00000144057",357.4
"ENSG00000172985",359.8
"ENSG00000175497",368.4
"ENSG00000019169",369.6
"ENSG00000074047",372.6
"ENSG00000286481",374
"ENSG00000144229",380.4
"ENSG00000168702",382
"ENSG00000075884",383.2
"ENSG00000228655",384.2
"ENSG00000121964",386
"ENSG00000169554",387
"ENSG00000226674",388.4
"ENSG00000168280",389.8
"ENSG00000150556",390.8
"ENSG00000115963",394.6
"ENSG00000157827",396.8
"ENSG00000162989",398.2
"ENSG00000226383",399.2
"ENSG00000115165",400.8
"ENSG00000007001",402.6
"ENSG00000144290",407
"ENSG00000182263",409
"ENSG00000136531",412.6
"ENSG00000136546",415.4
"ENSG00000198648",417.2
"ENSG00000163072",418.2
"ENSG00000115935",423.2
"ENSG00000128656",424.2
"ENSG00000079156",427.6
"ENSG00000287149",429.4
"ENSG00000163492",430.4
"ENSG00000234663",431.6
"ENSG00000115232",432.6
"ENSG00000115252",434.4
"ENSG00000287621",435.6
"ENSG00000170396",436.6
"ENSG00000064989",440.4
"ENSG00000144366",441.8
"ENSG00000168542",442.8
"ENSG00000204262",443.8
"ENSG00000138378",446
"ENSG00000168497",447.6
"ENSG00000233766",448.6
"ENSG00000144339",449.6
"ENSG00000081320",452.4
"ENSG00000138411",454.2
"ENSG00000115896",456.8
"ENSG00000119042",457.8
"ENSG00000118257",463.4
"ENSG00000114948",464.4
"ENSG00000144407",468
"ENSG00000078018",469
"ENSG00000178568",471.2
"ENSG00000273118",472.2
"ENSG00000197585",474.4
"ENSG00000235770",478
"ENSG00000115457",479.6
"ENSG00000231672",481.6
"ENSG00000116106",484.8
"ENSG00000152049",487.2
"ENSG00000135905",488.4
"ENSG00000081052",490.2
"ENSG00000232023",493
"ENSG00000163359",499.8
"ENSG00000224957",502.6
"ENSG00000144619",503.8
"ENSG00000223727",505.6
"ENSG00000270207",509.6
"ENSG00000227110",510.6
"ENSG00000071282",511.6
"ENSG00000132170",516.2
"ENSG00000131389",518.8
"ENSG00000154783",519.8
"ENSG00000131370",520.8
"ENSG00000183960",524.6
"ENSG00000287069",525.6
"ENSG00000231304",526.6
"ENSG00000151789",528
"ENSG00000077092",531
"ENSG00000163491",532.4
"ENSG00000033867",533.4
"ENSG00000144642",534.8
"ENSG00000203506",536.2
"ENSG00000144645",537.8
"ENSG00000144668",542
"ENSG00000114812",547.4
"ENSG00000160801",552.8
"ENSG00000010327",555.8
"ENSG00000163687",560
"ENSG00000163637",564.4
"ENSG00000163638",565.4
"ENSG00000241158",566.4
"ENSG00000241684",567.4
"ENSG00000144749",568.4
"ENSG00000183662",570.2
"ENSG00000187098",572
"ENSG00000121440",574
"ENSG00000185008",576.4
"ENSG00000169855",577.4
"ENSG00000175161",580.6
"ENSG00000044524",583.4
"ENSG00000144810",587.4
"ENSG00000144820",589.8
"ENSG00000154175",590.8
"ENSG00000170017",594
"ENSG00000242759",595.4
"ENSG00000163519",599.4
"ENSG00000142611",601
"ENSG00000241224",601.2
"ENSG00000069424",602.2
"ENSG00000228980",602.6
"ENSG00000242029",603.6
"ENSG00000153283",605
"ENSG00000171608",605.4
"ENSG00000091972",607.2
"ENSG00000072858",611.2
"ENSG00000185565",614.4
"ENSG00000169504",615.8
"ENSG00000031081",617.6
"ENSG00000163430",619.2
"ENSG00000130775",620
"ENSG00000051341",620.6
"ENSG00000180353",621.8
"ENSG00000114013",623.4
"ENSG00000173175",625.6
"ENSG00000160145",626.6
"ENSG00000127124",627.8
"ENSG00000173706",628
"ENSG00000162383",632.8
"ENSG00000248724",635
"ENSG00000144868",636
"ENSG00000231252",639
"ENSG00000174640",639
"ENSG00000158258",642.2
"ENSG00000116678",643.6
"ENSG00000069849",644
"ENSG00000181804",647.4
"ENSG00000116761",650
"ENSG00000169908",655
"ENSG00000169903",656
"ENSG00000018408",657
"ENSG00000174944",662.2
"ENSG00000171502",664.6
"ENSG00000117525",673.2
"ENSG00000226026",674
"ENSG00000085276",679.6
"ENSG00000162636",681
"ENSG00000144959",684.4
"ENSG00000134259",685.8
"ENSG00000169760",686.2
"ENSG00000223715",687.4
"ENSG00000231574",688.4
"ENSG00000116824",690.4
"ENSG00000237978",690.6
"ENSG00000134258",691.2
"ENSG00000134240",692.4
"ENSG00000114450",692.6
"ENSG00000227082",694.6
"ENSG00000242808",694.8
"ENSG00000265972",695
"ENSG00000176597",696.8
"ENSG00000131781",697.8
"ENSG00000237975",697.8
"ENSG00000172578",697.8
"ENSG00000073792",701
"ENSG00000160789",702.6
"ENSG00000058866",702.6
"ENSG00000196189",703.4
"ENSG00000073754",705.6
"ENSG00000073282",706.2
"ENSG00000090530",707.2
"ENSG00000163563",707.6
"ENSG00000132693",709
"ENSG00000228560",710
"ENSG00000114279",710.6
"ENSG00000180611",712
"ENSG00000127249",713.2
"ENSG00000158859",716.4
"ENSG00000026751",717.2
"ENSG00000143248",722.2
"ENSG00000249631",725.4
"ENSG00000249988",727.4
"ENSG00000116132",729
"ENSG00000004468",730
"ENSG00000169744",731.8
"ENSG00000197959",732.8
"ENSG00000230630",733.6
"ENSG00000286046",734.2
"ENSG00000224228",734.8
"ENSG00000145147",735.4
"ENSG00000224968",735.6
"ENSG00000185774",736.4
"ENSG00000248837",738.4
"ENSG00000250137",739.6
"ENSG00000091490",741.4
"ENSG00000121446",743.2
"ENSG00000169851",743.2
"ENSG00000250954",745.4
"ENSG00000058085",746.4
"ENSG00000250723",746.4
"ENSG00000197057",748
"ENSG00000174145",749.4
"ENSG00000116690",750.4
"ENSG00000121895",751
"ENSG00000150681",753.6
"ENSG00000168421",753.8
"ENSG00000116741",755.4
"ENSG00000074966",759.6
"ENSG00000134853",761.8
"ENSG00000163435",763.6
"ENSG00000163531",763.8
"ENSG00000109265",765
"ENSG00000163453",766.4
"ENSG00000150471",768.4
"ENSG00000136634",770.8
"ENSG00000143476",773.2
"ENSG00000123689",775.8
"ENSG00000283518",776.2
"ENSG00000156140",776.6
"ENSG00000169429",778.4
"ENSG00000163739",779.6
"ENSG00000117724",780.6
"ENSG00000092969",781
"ENSG00000116141",784.4
"ENSG00000138759",788
"ENSG00000138772",789
"ENSG00000287627",791.2
"ENSG00000145284",792.8
"ENSG00000145287",794.2
"ENSG00000138678",795.4
"ENSG00000143674",796.8
"ENSG00000135750",796.8
"ENSG00000138639",796.8
"ENSG00000109339",797.8
"ENSG00000163629",799.2
"ENSG00000152583",801.4
"ENSG00000180287",802.8
"ENSG00000185477",804.4
"ENSG00000251095",805.4
"ENSG00000145335",806.6
"ENSG00000138722",807.6
"ENSG00000162711",808.4
"ENSG00000184305",808.6
"ENSG00000138696",810.2
"ENSG00000236790",811.2
"ENSG00000182168",811.2
"ENSG00000151360",812
"ENSG00000214866",812.8
"ENSG00000168785",813.6
"ENSG00000134317",817.4
"ENSG00000115758",818.4
"ENSG00000070190",818.8
"ENSG00000170745",820
"ENSG00000164035",820
"ENSG00000153064",821.8
"ENSG00000248242",826.8
"ENSG00000138795",832.6
"ENSG00000188517",835.4
"ENSG00000232153",836.4
"ENSG00000226994",837.4
"ENSG00000170522",837.4
"ENSG00000145362",840.4
"ENSG00000180801",841.6
"ENSG00000282890",843.4
"ENSG00000164100",843.8
"ENSG00000172403",845
"ENSG00000250938",846.8
"ENSG00000228033",847.6
"ENSG00000138685",850
"ENSG00000164056",851
"ENSG00000249464",852
"ENSG00000226622",852.6
"ENSG00000169764",854.4
"ENSG00000286251",854.6
"ENSG00000250195",861.6
"ENSG00000170153",863.4
"ENSG00000248810",864.4
"ENSG00000163235",865
"ENSG00000109452",866.2
"ENSG00000135636",867
"ENSG00000159399",867.2
"ENSG00000249806",867.2
"ENSG00000270571",868.4
"ENSG00000068615",871
"ENSG00000164161",871
"ENSG00000115523",872.2
"ENSG00000151617",873.6
"ENSG00000071205",874.6
"ENSG00000287292",875.8
"ENSG00000232931",876.4
"ENSG00000174501",877.2
"ENSG00000170390",877.8
"ENSG00000164142",879
"ENSG00000115590",880.6
"ENSG00000137462",882
"ENSG00000115602",882.6
"ENSG00000115604",883.4
"ENSG00000115607",884.2
"ENSG00000071051",886.4
"ENSG00000286133",887.8
"ENSG00000286862",889.2
"ENSG00000172965",890
"ENSG00000280878",891.2
"ENSG00000153208",892
"ENSG00000125538",894
"ENSG00000136689",894.8
"ENSG00000145416",894.8
"ENSG00000038295",897.2
"ENSG00000163075",897.6
"ENSG00000129116",899
"ENSG00000183840",902.6
"ENSG00000164107",903
"ENSG00000152127",903.4
"ENSG00000237125",904
"ENSG00000152128",904.2
"ENSG00000150625",907.8
"ENSG00000150630",909.2
"ENSG00000218336",912.4
"ENSG00000173320",913.4
"ENSG00000230645",914.2
"ENSG00000187123",915
"ENSG00000182389",917.8
"ENSG00000083857",918
"ENSG00000112902",922
"ENSG00000153237",922.4
"ENSG00000123612",922.8
"ENSG00000164236",923.6
"ENSG00000169862",924.6
"ENSG00000224467",925
"ENSG00000248457",925.8
"ENSG00000153253",929.4
"ENSG00000183580",930
"ENSG00000145555",931.8
"ENSG00000176788",932.8
"ENSG00000248874",936.2
"ENSG00000091409",936.8
"ENSG00000113361",941
"ENSG00000155657",943.6
"ENSG00000151388",944
"ENSG00000168685",945.8
"ENSG00000164188",947
"ENSG00000079215",948
"ENSG00000274441",949
"ENSG00000164318",952
"ENSG00000144369",952.8
"ENSG00000113594",953
"ENSG00000244968",954
"ENSG00000082074",955.4
"ENSG00000115419",957
"ENSG00000112936",957.8
"ENSG00000182836",959
"ENSG00000225539",960.6
"ENSG00000112964",960.6
"ENSG00000286271",962.4
"ENSG00000272211",963
"ENSG00000112972",964
"ENSG00000164588",966.8
"ENSG00000170571",967.8
"ENSG00000151883",968.8
"ENSG00000138439",970.2
"ENSG00000164171",970.2
"ENSG00000185305",972.2
"ENSG00000118263",975
"ENSG00000223725",976.4
"ENSG00000152932",978
"ENSG00000113448",979.2
"ENSG00000115414",979.4
"ENSG00000035499",980.2
"ENSG00000229267",980.8
"ENSG00000030419",981.2
"ENSG00000164181",981.2
"ENSG00000049192",984
"ENSG00000018280",985.2
"ENSG00000123983",988.6
"ENSG00000131711",992.8
"ENSG00000169031",993.6
"ENSG00000178175",993.8
"ENSG00000171643",998.4
"ENSG00000145708",999.4
"ENSG00000145685",1001.2
"ENSG00000145687",1006
"ENSG00000196277",1007.6
"ENSG00000038427",1008
"ENSG00000287862",1011.6
"ENSG00000196639",1013.2
"ENSG00000081189",1013.2
"ENSG00000248323",1015.8
"ENSG00000131386",1017.4
"ENSG00000249776",1019
"ENSG00000237187",1020
"ENSG00000175745",1021
"ENSG00000175471",1023.2
"ENSG00000250331",1026.8
"ENSG00000113532",1030.2
"ENSG00000145730",1031.6
"ENSG00000172995",1033.4
"ENSG00000184349",1033.6
"ENSG00000144681",1034.2
"ENSG00000186952",1035
"ENSG00000168038",1035.6
"ENSG00000170011",1035.6
"ENSG00000152495",1036
"ENSG00000129595",1038.4
"ENSG00000232633",1039.8
"ENSG00000163814",1042.2
"ENSG00000249797",1045.6
"ENSG00000163947",1047.2
"ENSG00000145779",1047.8
"ENSG00000184838",1049
"ENSG00000248752",1053.6
"ENSG00000173926",1055
"ENSG00000064651",1057
"ENSG00000138829",1058
"ENSG00000114541",1059.4
"ENSG00000242741",1059.4
"ENSG00000198108",1060.2
"ENSG00000243694",1062.4
"ENSG00000239462",1067.2
"ENSG00000287378",1071.4
"ENSG00000145819",1071.4
"ENSG00000144815",1071.8
"ENSG00000183775",1073.2
"ENSG00000186314",1075.2
"ENSG00000239828",1076
"ENSG00000156463",1076.2
"ENSG00000156475",1077.2
"ENSG00000243701",1077.8
"ENSG00000113657",1078.2
"ENSG00000114487",1080.6
"ENSG00000157510",1081.6
"ENSG00000249669",1082.6
"ENSG00000019582",1085.6
"ENSG00000240057",1087.8
"ENSG00000113140",1088.2
"ENSG00000144857",1088.6
"ENSG00000170624",1091.2
"ENSG00000145850",1092.2
"ENSG00000239268",1092.4
"ENSG00000113263",1093.8
"ENSG00000144847",1094.4
"ENSG00000164330",1096.6
"ENSG00000254186",1099.6
"ENSG00000036828",1101
"ENSG00000184347",1103
"ENSG00000134516",1104
"ENSG00000144908",1104
"ENSG00000043462",1106
"ENSG00000182132",1107
"ENSG00000094755",1108.6
"ENSG00000204764",1109.6
"ENSG00000072786",1110.6
"ENSG00000120756",1112.2
"ENSG00000214357",1112.6
"ENSG00000113749",1114.8
"ENSG00000243415",1116.2
"ENSG00000152952",1116.4
"ENSG00000050767",1117.6
"ENSG00000163710",1118.2
"ENSG00000087116",1119
"ENSG00000113303",1122
"ENSG00000144891",1122.4
"ENSG00000165810",1123
"ENSG00000137265",1124
"ENSG00000124491",1128.6
"ENSG00000244265",1128.8
"ENSG00000174946",1130.2
"ENSG00000153162",1130.8
"ENSG00000169313",1132.2
"ENSG00000178053",1134.4
"ENSG00000111859",1135.4
"ENSG00000111863",1136.4
"ENSG00000112137",1138.6
"ENSG00000197415",1138.8
"ENSG00000112149",1139.8
"ENSG00000137393",1142.2
"ENSG00000174776",1143
"ENSG00000124766",1145.4
"ENSG00000272168",1146.4
"ENSG00000154310",1147.2
"ENSG00000114346",1149.4
"ENSG00000146038",1149.4
"ENSG00000111913",1151
"ENSG00000285801",1152.8
"ENSG00000079691",1153.8
"ENSG00000204301",1160.2
"ENSG00000073803",1162
"ENSG00000113946",1167
"ENSG00000064999",1167.4
"ENSG00000114315",1168.6
"ENSG00000146192",1170.4
"ENSG00000145014",1174.6
"ENSG00000112576",1175.2
"ENSG00000124496",1176.4
"ENSG00000152953",1177.2
"ENSG00000124813",1178.6
"ENSG00000172348",1180.2
"ENSG00000250634",1180.4
"ENSG00000146070",1181.6
"ENSG00000248360",1182
"ENSG00000069122",1182.6
"ENSG00000146072",1184
"ENSG00000244694",1185.2
"ENSG00000109805",1187.8
"ENSG00000170927",1188
"ENSG00000137269",1191.6
"ENSG00000146147",1192.6
"ENSG00000112175",1195.4
"ENSG00000124749",1196.4
"ENSG00000112232",1198.8
"ENSG00000109814",1199.2
"ENSG00000135298",1201.2
"ENSG00000196581",1201.6
"ENSG00000064042",1203.4
"ENSG00000284693",1204
"ENSG00000185760",1204.2
"ENSG00000285454",1204.6
"ENSG00000124406",1205.6
"ENSG00000223786",1207
"ENSG00000159339",1207.4
"ENSG00000111799",1208.2
"ENSG00000188257",1209
"ENSG00000118407",1209.2
"ENSG00000271945",1210.4
"ENSG00000128052",1211.2
"ENSG00000173369",1211.6
"ENSG00000157404",1211.6
"ENSG00000117318",1212
"ENSG00000226453",1214
"ENSG00000065833",1215.2
"ENSG00000250333",1215.6
"ENSG00000112182",1218.2
"ENSG00000121904",1219
"ENSG00000186409",1219.2
"ENSG00000092853",1220.2
"ENSG00000162415",1220.2
"ENSG00000228436",1221.2
"ENSG00000080493",1221.6
"ENSG00000109321",1222.8
"ENSG00000164418",1224.2
"ENSG00000174332",1225
"ENSG00000117461",1225.4
"ENSG00000249036",1225.6
"ENSG00000057657",1225.6
"ENSG00000162390",1225.8
"ENSG00000163738",1226.4
"ENSG00000173406",1226.6
"ENSG00000123473",1226.8
"ENSG00000112320",1227.4
"ENSG00000146285",1228.4
"ENSG00000169116",1228.4
"ENSG00000203995",1229.6
"ENSG00000223956",1230.4
"ENSG00000112394",1230.8
"ENSG00000010810",1232
"ENSG00000112769",1233
"ENSG00000249307",1234.2
"ENSG00000162437",1235.4
"ENSG00000033122",1235.8
"ENSG00000286540",1237.2
"ENSG00000162620",1238.4
"ENSG00000135549",1239.2
"ENSG00000122420",1240.4
"ENSG00000188580",1240.6
"ENSG00000236548",1241.6
"ENSG00000118785",1244.6
"ENSG00000230817",1244.8
"ENSG00000146374",1245.4
"ENSG00000234953",1245.6
"ENSG00000203943",1246.2
"ENSG00000196569",1247.2
"ENSG00000226149",1248.2
"ENSG00000246090",1248.4
"ENSG00000146376",1249.2
"ENSG00000164483",1250.2
"ENSG00000236915",1250.4
"ENSG00000055732",1250.4
"ENSG00000162669",1250.8
"ENSG00000097046",1251.4
"ENSG00000079819",1251.6
"ENSG00000117228",1252.2
"ENSG00000224081",1254.6
"ENSG00000118523",1254.8
"ENSG00000224445",1256.2
"ENSG00000112299",1257.2
"ENSG00000286150",1257.4
"ENSG00000093134",1258.2
"ENSG00000134243",1260.4
"ENSG00000138778",1261.2
"ENSG00000245384",1261.6
"ENSG00000168743",1261.6
"ENSG00000164023",1262
"ENSG00000171408",1264.6
"ENSG00000155011",1265.4
"ENSG00000163399",1265.8
"ENSG00000092607",1267.6
"ENSG00000138792",1268
"ENSG00000164089",1268.8
"ENSG00000183508",1269.6
"ENSG00000005059",1271.4
"ENSG00000197747",1273
"ENSG00000265107",1273.8
"ENSG00000172399",1274.2
"ENSG00000118495",1274.4
"ENSG00000143603",1276
"ENSG00000197956",1276.4
"ENSG00000050730",1276.4
"ENSG00000203727",1276.8
"ENSG00000227681",1277.8
"ENSG00000111961",1278.8
"ENSG00000111962",1279.8
"ENSG00000160856",1280
"ENSG00000183856",1280.4
"ENSG00000163534",1280.8
"ENSG00000289484",1281
"ENSG00000162739",1282.2
"ENSG00000120278",1282.6
"ENSG00000163568",1282.8
"ENSG00000158481",1283.2
"ENSG00000131016",1284.4
"ENSG00000196159",1284.8
"ENSG00000120279",1286.6
"ENSG00000117090",1288.2
"ENSG00000158874",1288.6
"ENSG00000251388",1288.8
"ENSG00000143226",1289
"ENSG00000198929",1289.4
"ENSG00000287092",1289.6
"ENSG00000164136",1290.8
"ENSG00000164674",1291.4
"ENSG00000188404",1293.8
"ENSG00000026652",1296.2
"ENSG00000094963",1297
"ENSG00000112530",1297.4
"ENSG00000112541",1298.8
"ENSG00000007933",1299.4
"ENSG00000235750",1300
"ENSG00000152092",1301.8
"ENSG00000227373",1303
"ENSG00000234828",1303.6
"ENSG00000236021",1303.8
"ENSG00000198286",1304.4
"ENSG00000116260",1304.8
"ENSG00000146555",1306
"ENSG00000143340",1306.8
"ENSG00000164116",1308
"ENSG00000143333",1308.2
"ENSG00000135862",1308.8
"ENSG00000106415",1309
"ENSG00000116701",1310.2
"ENSG00000168843",1310.8
"ENSG00000283117",1312
"ENSG00000230426",1312.8
"ENSG00000171509",1313.2
"ENSG00000073756",1314
"ENSG00000287226",1314.2
"ENSG00000229618",1314.4
"ENSG00000134365",1315
"ENSG00000248429",1315.2
"ENSG00000127074",1316.2
"ENSG00000162687",1316.2
"ENSG00000109472",1316.6
"ENSG00000109586",1317.4
"ENSG00000231718",1320.6
"ENSG00000048052",1322.2
"ENSG00000159388",1322.4
"ENSG00000174473",1322.8
"ENSG00000183742",1324.8
"ENSG00000105855",1326.2
"ENSG00000276600",1326.6
"ENSG00000164120",1326.8
"ENSG00000248174",1327.2
"ENSG00000197721",1327.2
"ENSG00000263961",1327.4
"ENSG00000174059",1327.8
"ENSG00000250131",1328.4
"ENSG00000154553",1329.8
"ENSG00000070882",1330.8
"ENSG00000228255",1334.4
"ENSG00000146592",1335.2
"ENSG00000106066",1336.8
"ENSG00000143507",1337.2
"ENSG00000238042",1337.8
"ENSG00000154309",1340.2
"ENSG00000164619",1341.2
"ENSG00000039139",1343
"ENSG00000164532",1344
"ENSG00000183814",1344.8
"ENSG00000143816",1346.2
"ENSG00000136250",1347
"ENSG00000182901",1348.4
"ENSG00000286134",1351.6
"ENSG00000113389",1352
"ENSG00000077585",1352.2
"ENSG00000250337",1354
"ENSG00000122679",1354.6
"ENSG00000254138",1355.4
"ENSG00000146674",1355.8
"ENSG00000172554",1356.2
"ENSG00000185811",1360.6
"ENSG00000168621",1362.4
"ENSG00000158321",1364.6
"ENSG00000218819",1365
"ENSG00000171848",1365.2
"ENSG00000183166",1366.2
"ENSG00000287881",1366.4
"ENSG00000285876",1366.8
"ENSG00000235537",1371.4
"ENSG00000135218",1371.6
"ENSG00000075223",1372.8
"ENSG00000138031",1373.4
"ENSG00000134363",1373.6
"ENSG00000019991",1373.8
"ENSG00000153956",1374.8
"ENSG00000228262",1375.8
"ENSG00000287255",1377.2
"ENSG00000115828",1378
"ENSG00000153993",1378.2
"ENSG00000164659",1379.8
"ENSG00000236824",1380.2
"ENSG00000113088",1381
"ENSG00000085563",1381.6
"ENSG00000228113",1383.6
"ENSG00000164512",1384
"ENSG00000127954",1384.6
"ENSG00000227646",1386
"ENSG00000285755",1387.4
"ENSG00000235450",1388
"ENSG00000250421",1389.2
"ENSG00000204929",1390.4
"ENSG00000249335",1390.8
"ENSG00000105825",1390.8
"ENSG00000069020",1391.6
"ENSG00000123219",1392.4
"ENSG00000236780",1392.4
"ENSG00000164692",1393.4
"ENSG00000286062",1394
"ENSG00000198780",1395.2
"ENSG00000004799",1396.4
"ENSG00000158560",1397.4
"ENSG00000152413",1398.8
"ENSG00000160870",1399.8
"ENSG00000034510",1400.6
"ENSG00000160868",1400.8
"ENSG00000021461",1401.8
"ENSG00000113319",1402.8
"ENSG00000163586",1403
"ENSG00000249835",1403.2
"ENSG00000291127",1403.2
"ENSG00000106366",1403.4
"ENSG00000222041",1404.8
"ENSG00000113273",1405.6
"ENSG00000158050",1405.8
"ENSG00000234715",1406
"ENSG00000189056",1407
"ENSG00000113369",1409
"ENSG00000040933",1409.8
"ENSG00000286076",1410
"ENSG00000248309",1410.2
"ENSG00000115594",1410.2
"ENSG00000196460",1411
"ENSG00000170417",1411
"ENSG00000115641",1413.6
"ENSG00000091136",1413.6
"ENSG00000198075",1414.4
"ENSG00000091129",1414.6
"ENSG00000226965",1415.8
"ENSG00000169679",1416.8
"ENSG00000248202",1417.8
"ENSG00000144136",1418.4
"ENSG00000105967",1418.8
"ENSG00000105974",1421.6
"ENSG00000001626",1424.4
"ENSG00000083622",1425.4
"ENSG00000136002",1425.8
"ENSG00000077063",1426.4
"ENSG00000176771",1426.6
"ENSG00000184408",1428
"ENSG00000228043",1429.2
"ENSG00000179603",1432
"ENSG00000080709",1432.2
"ENSG00000092421",1434
"ENSG00000221866",1434.8
"ENSG00000162947",1436.4
"ENSG00000181072",1440.4
"ENSG00000153246",1440.8
"ENSG00000115183",1443.8
"ENSG00000236283",1444.4
"ENSG00000059377",1445.2
"ENSG00000078098",1446
"ENSG00000146966",1446.4
"ENSG00000061455",1447
"ENSG00000261115",1447.4
"ENSG00000178662",1447.8
"ENSG00000169507",1448
"ENSG00000257335",1448.4
"ENSG00000169432",1449
"ENSG00000145832",1450
"ENSG00000158402",1451.2
"ENSG00000152377",1451.8
"ENSG00000158458",1453.2
"ENSG00000289349",1453.8
"ENSG00000224577",1454.6
"ENSG00000225205",1456
"ENSG00000138448",1461
"ENSG00000150722",1461.2
"ENSG00000286797",1463.8
"ENSG00000227227",1463.8
"ENSG00000185053",1465.8
"ENSG00000104723",1466.8
"ENSG00000182578",1467.2
"ENSG00000038945",1467.8
"ENSG00000253980",1470.2
"ENSG00000247199",1470.8
"ENSG00000253557",1471.6
"ENSG00000118997",1472.6
"ENSG00000147408",1473.2
"ENSG00000072571",1474.4
"ENSG00000168546",1475.4
"ENSG00000163535",1475.4
"ENSG00000162944",1475.8
"ENSG00000283413",1477.2
"ENSG00000178562",1478.6
"ENSG00000159167",1478.8
"ENSG00000042980",1479.8
"ENSG00000253535",1480.8
"ENSG00000234902",1481.8
"ENSG00000021826",1481.8
"ENSG00000157168",1487
"ENSG00000115461",1488.2
"ENSG00000145934",1488.4
"ENSG00000291236",1489.6
"ENSG00000077782",1490
"ENSG00000131459",1490.2
"ENSG00000147526",1491
"ENSG00000204767",1491.4
"ENSG00000163082",1492.8
"ENSG00000253939",1493
"ENSG00000169047",1494
"ENSG00000115009",1495.2
"ENSG00000170542",1495.4
"ENSG00000147481",1496.8
"ENSG00000144476",1496.8
"ENSG00000144481",1497
"ENSG00000037280",1497.8
"ENSG00000147488",1498.4
"ENSG00000227252",1499.8
"ENSG00000134121",1501.4
"ENSG00000247925",1501.8
"ENSG00000254087",1502
"ENSG00000091181",1502.4
"ENSG00000078401",1504.4
"ENSG00000235978",1505.8
"ENSG00000189229",1507
"ENSG00000198846",1507
"ENSG00000182533",1507.2
"ENSG00000196220",1507.8
"ENSG00000180438",1510.4
"ENSG00000172817",1510.6
"ENSG00000287127",1512.8
"ENSG00000185697",1513.8
"ENSG00000197977",1514.8
"ENSG00000046889",1514.8
"ENSG00000223351",1517
"ENSG00000235531",1518.6
"ENSG00000228791",1519.2
"ENSG00000204287",1524.4
"ENSG00000254349",1524.4
"ENSG00000173705",1524.8
"ENSG00000235257",1525
"ENSG00000168356",1525
"ENSG00000249395",1525.8
"ENSG00000196735",1526
"ENSG00000179344",1526.8
"ENSG00000231873",1527
"ENSG00000231389",1527.8
"ENSG00000254266",1528.2
"ENSG00000232354",1531.2
"ENSG00000285744",1531.2
"ENSG00000164684",1533.8
"ENSG00000076641",1534.8
"ENSG00000124731",1535.4
"ENSG00000157388",1536.8
"ENSG00000184672",1537
"ENSG00000124772",1537
"ENSG00000104267",1539
"ENSG00000163618",1539.6
"ENSG00000176571",1541.2
"ENSG00000156103",1543
"ENSG00000253553",1544
"ENSG00000147606",1546.8
"ENSG00000114480",1547.4
"ENSG00000079102",1547.8
"ENSG00000113805",1548
"ENSG00000179097",1549.6
"ENSG00000281392",1549.8
"ENSG00000246662",1550.2
"ENSG00000164949",1551.2
"ENSG00000206538",1551.2
"ENSG00000080224",1551.2
"ENSG00000253773",1552.4
"ENSG00000170044",1556.6
"ENSG00000083307",1557.6
"ENSG00000104490",1558.6
"ENSG00000164929",1560.6
"ENSG00000168143",1560.8
"ENSG00000163507",1560.8
"ENSG00000146151",1561.6
"ENSG00000247081",1561.6
"ENSG00000147650",1563
"ENSG00000169946",1564
"ENSG00000225096",1564.2
"ENSG00000251003",1565.2
"ENSG00000241490",1566
"ENSG00000156535",1567
"ENSG00000154188",1567.4
"ENSG00000186265",1567.8
"ENSG00000289153",1568.8
"ENSG00000234426",1569.8
"ENSG00000205038",1569.8
"ENSG00000242880",1570
"ENSG00000104447",1571.4
"ENSG00000233797",1572.6
"ENSG00000186231",1574.8
"ENSG00000184374",1576.2
"ENSG00000145088",1577
"ENSG00000004399",1577.8
"ENSG00000136960",1577.8
"ENSG00000187955",1579.2
"ENSG00000114544",1580
"ENSG00000253819",1582.2
"ENSG00000204949",1583.4
"ENSG00000170819",1583.8
"ENSG00000244062",1584.2
"ENSG00000112246",1585
"ENSG00000288700",1585.4
"ENSG00000154928",1587.4
"ENSG00000144935",1590.6
"ENSG00000254166",1590.8
"ENSG00000289986",1590.8
"ENSG00000249859",1592.4
"ENSG00000229140",1593.4
"ENSG00000152661",1593.8
"ENSG00000184156",1597.2
"ENSG00000163659",1598
"ENSG00000155926",1599.6
"ENSG00000118855",1600.8
"ENSG00000238755",1600.8
"ENSG00000283154",1601.4
"ENSG00000226409",1601.4
"ENSG00000114805",1602.2
"ENSG00000196549",1602.8
"ENSG00000254101",1603
"ENSG00000197980",1603.6
"ENSG00000240875",1604.2
"ENSG00000163581",1605.8
"ENSG00000118515",1606.2
"ENSG00000163590",1607.4
"ENSG00000289884",1607.6
"ENSG00000107099",1608.4
"ENSG00000244128",1608.6
"ENSG00000118507",1609
"ENSG00000206120",1610
"ENSG00000118503",1610.2
"ENSG00000197584",1612.2
"ENSG00000137033",1615
"ENSG00000227954",1615.2
"ENSG00000178445",1616.2
"ENSG00000172667",1617.6
"ENSG00000232310",1617.6
"ENSG00000113905",1619
"ENSG00000286313",1619.8
"ENSG00000053524",1620
"ENSG00000237596",1620.6
"ENSG00000173068",1621
"ENSG00000120254",1621.4
"ENSG00000187068",1622
"ENSG00000163347",1622
"ENSG00000178031",1622.8
"ENSG00000244405",1623.6
"ENSG00000177076",1624.6
"ENSG00000228730",1625.2
"ENSG00000171843",1626
"ENSG00000009765",1628.6
"ENSG00000120156",1629.4
"ENSG00000013810",1630
"ENSG00000163995",1630.2
"ENSG00000251652",1630.8
"ENSG00000174482",1631
"ENSG00000287154",1631.2
"ENSG00000112038",1634
"ENSG00000002587",1635
"ENSG00000109684",1636.4
"ENSG00000007062",1639
"ENSG00000146477",1639.6
"ENSG00000249998",1640.4
"ENSG00000154330",1641.6
"ENSG00000008256",1643.8
"ENSG00000112562",1645
"ENSG00000083067",1645.6
"ENSG00000249948",1645.8
"ENSG00000235431",1646.4
"ENSG00000135046",1649.2
"ENSG00000198963",1650.6
"ENSG00000136267",1651
"ENSG00000248685",1652.2
"ENSG00000099139",1652.4
"ENSG00000237773",1653
"ENSG00000215018",1654
"ENSG00000106772",1654
"ENSG00000236039",1655.8
"ENSG00000156049",1655.8
"ENSG00000136237",1656.2
"ENSG00000231373",1656.8
"ENSG00000105877",1658.6
"ENSG00000106537",1659.2
"ENSG00000165105",1660
"ENSG00000106511",1661.2
"ENSG00000156096",1661.2
"ENSG00000145321",1663.2
"ENSG00000214870",1665.2
"ENSG00000005020",1666
"ENSG00000163734",1666.2
"ENSG00000135047",1666.4
"ENSG00000284695",1666.8
"ENSG00000124882",1667.2
"ENSG00000136235",1667.2
"ENSG00000243004",1667.4
"ENSG00000132465",1667.4
"ENSG00000154678",1669
"ENSG00000165025",1670.6
"ENSG00000169071",1671.8
"ENSG00000287401",1674.2
"ENSG00000165238",1674.6
"ENSG00000145283",1675.6
"ENSG00000197826",1676.2
"ENSG00000106571",1679
"ENSG00000232006",1679.8
"ENSG00000183696",1679.8
"ENSG00000119508",1680.2
"ENSG00000249001",1682
"ENSG00000234323",1683.6
"ENSG00000148143",1684.6
"ENSG00000165124",1687
"ENSG00000030304",1688
"ENSG00000198099",1688.6
"ENSG00000198121",1689
"ENSG00000248510",1689
"ENSG00000187758",1689.4
"ENSG00000179869",1690.4
"ENSG00000049540",1691.6
"ENSG00000109320",1694
"ENSG00000158683",1694.8
"ENSG00000173077",1695.6
"ENSG00000041982",1697.4
"ENSG00000245293",1698.2
"ENSG00000174749",1698.8
"ENSG00000138780",1700
"ENSG00000078725",1700.6
"ENSG00000243144",1701.6
"ENSG00000138738",1707.8
"ENSG00000095370",1708.2
"ENSG00000186472",1709
"ENSG00000288921",1709.4
"ENSG00000075213",1710.4
"ENSG00000050555",1712.2
"ENSG00000285090",1714
"ENSG00000158528",1715.8
"ENSG00000251199",1716.2
"ENSG00000160339",1716.8
"ENSG00000285783",1717
"ENSG00000249618",1718
"ENSG00000172889",1718.8
"ENSG00000243193",1721.2
"ENSG00000251600",1723
"ENSG00000151612",1723.8
"ENSG00000231298",1723.8
"ENSG00000225329",1726.6
"ENSG00000134460",1728.2
"ENSG00000005249",1729.4
"ENSG00000065675",1729.4
"ENSG00000225535",1730.6
"ENSG00000121207",1731.6
"ENSG00000290441",1732.2
"ENSG00000198879",1732.6
"ENSG00000052802",1735
"ENSG00000048740",1735.2
"ENSG00000135269",1735.8
"ENSG00000285520",1737.4
"ENSG00000151474",1740
"ENSG00000196104",1740.8
"ENSG00000237813",1741.2
"ENSG00000077943",1742
"ENSG00000106278",1743.2
"ENSG00000026025",1743.2
"ENSG00000151725",1744.2
"ENSG00000148488",1744.6
"ENSG00000224897",1745
"ENSG00000122787",1745.2
"ENSG00000251139",1746.6
"ENSG00000260314",1746.6
"ENSG00000120594",1749
"ENSG00000145545",1749.8
"ENSG00000157680",1750.2
"ENSG00000078114",1750.2
"ENSG00000251504",1751
"ENSG00000248677",1751.4
"ENSG00000128567",1751.8
"ENSG00000120549",1752.8
"ENSG00000154122",1755.6
"ENSG00000145569",1757.2
"ENSG00000106462",1758.2
"ENSG00000230649",1759
"ENSG00000242258",1759.2
"ENSG00000232053",1759.8
"ENSG00000107968",1760
"ENSG00000122778",1760
"ENSG00000286751",1761.6
"ENSG00000171115",1762.8
"ENSG00000291102",1764.8
"ENSG00000196511",1766.2
"ENSG00000248587",1769.6
"ENSG00000083720",1770.6
"ENSG00000128815",1770.6
"ENSG00000185532",1772
"ENSG00000153071",1773.2
"ENSG00000250722",1774.6
"ENSG00000122870",1775
"ENSG00000134013",1775.2
"ENSG00000151150",1778.4
"ENSG00000061337",1779.2
"ENSG00000003989",1780
"ENSG00000251141",1781
"ENSG00000196932",1781.2
"ENSG00000253496",1781.4
"ENSG00000067113",1783.6
"ENSG00000228566",1785.2
"ENSG00000092964",1785.6
"ENSG00000183230",1787.6
"ENSG00000122862",1789.4
"ENSG00000249085",1791
"ENSG00000251391",1792
"ENSG00000107719",1792
"ENSG00000186479",1792.4
"ENSG00000249856",1792.4
"ENSG00000249364",1793.6
"ENSG00000206579",1794.2
"ENSG00000104368",1795
"ENSG00000138315",1797.4
"ENSG00000176928",1798.6
"ENSG00000122884",1798.6
"ENSG00000250237",1799.4
"ENSG00000188676",1800.6
"ENSG00000035403",1800.8
"ENSG00000162426",1802.2
"ENSG00000156113",1802.4
"ENSG00000142583",1802.6
"ENSG00000162493",1804
"ENSG00000185737",1804
"ENSG00000231606",1804.8
"ENSG00000137571",1806.8
"ENSG00000247572",1807.2
"ENSG00000152422",1807.6
"ENSG00000173372",1807.6
"ENSG00000131910",1807.8
"ENSG00000184719",1808
"ENSG00000159189",1808
"ENSG00000117643",1808
"ENSG00000133216",1808.8
"ENSG00000205293",1809.8
"ENSG00000164176",1810
"ENSG00000107796",1810.2
"ENSG00000177182",1810.6
"ENSG00000182866",1811.4
"ENSG00000164199",1812.4
"ENSG00000137573",1812.6
"ENSG00000152779",1813.4
"ENSG00000286121",1814.4
"ENSG00000280560",1815.2
"ENSG00000158315",1815.4
"ENSG00000104369",1815.8
"ENSG00000154589",1816
"ENSG00000223720",1816.6
"ENSG00000142945",1817
"ENSG00000142937",1817.4
"ENSG00000174348",1817.6
"ENSG00000117450",1817.8
"ENSG00000119938",1818
"ENSG00000104381",1818.2
"ENSG00000145757",1818.8
"ENSG00000138190",1819.8
"ENSG00000251513",1820.4
"ENSG00000162407",1820.4
"ENSG00000229294",1820.4
"ENSG00000162409",1820.8
"ENSG00000171033",1820.8
"ENSG00000138119",1820.8
"ENSG00000260971",1821.8
"ENSG00000116675",1822.2
"ENSG00000232284",1822.2
"ENSG00000247877",1822.6
"ENSG00000286953",1822.8
"ENSG00000226476",1823
"ENSG00000286839",1823.6
"ENSG00000116729",1824.2
"ENSG00000237352",1824.4
"ENSG00000251027",1825.4
"ENSG00000138185",1826
"ENSG00000154027",1826
"ENSG00000286863",1826.2
"ENSG00000287352",1828.4
"ENSG00000237076",1829.4
"ENSG00000236676",1829.6
"ENSG00000168916",1830.4
"ENSG00000137965",1830.8
"ENSG00000120053",1831.2
"ENSG00000233290",1831.6
"ENSG00000248663",1832
"ENSG00000171517",1834
"ENSG00000164879",1834
"ENSG00000137947",1834
"ENSG00000286548",1834.2
"ENSG00000069702",1834.4
"ENSG00000148841",1834.6
"ENSG00000250891",1834.8
"ENSG00000154451",1835.6
"ENSG00000162676",1836
"ENSG00000226835",1836
"ENSG00000171488",1836.4
"ENSG00000169439",1836.6
"ENSG00000170458",1836.8
"ENSG00000229775",1837
"ENSG00000162645",1837
"ENSG00000137962",1837.8
"ENSG00000228971",1837.8
"ENSG00000215869",1838.6
"ENSG00000251680",1841
"ENSG00000203867",1841
"ENSG00000113070",1841.4
"ENSG00000171385",1841.8
"ENSG00000287231",1842.2
"ENSG00000116752",1842.6
"ENSG00000250072",1843.6
"ENSG00000134198",1844.2
"ENSG00000226272",1844.6
"ENSG00000227712",1844.6
"ENSG00000107518",1845.4
"ENSG00000173212",1845.6
"ENSG00000285582",1846.4
"ENSG00000253177",1847
"ENSG00000117281",1847.4
"ENSG00000151892",1847.4
"ENSG00000196154",1848.2
"ENSG00000196369",1848.6
"ENSG00000113578",1849
"ENSG00000135077",1849
"ENSG00000113721",1849.4
"ENSG00000163220",1849.6
"ENSG00000251031",1849.8
"ENSG00000198873",1850.2
"ENSG00000143297",1852
"ENSG00000287064",1852.2
"ENSG00000203805",1852.4
"ENSG00000253796",1852.6
"ENSG00000177954",1852.8
"ENSG00000155511",1853.6
"ENSG00000066468",1854.2
"ENSG00000182022",1856.4
"ENSG00000122224",1856.4
"ENSG00000234425",1856.8
"ENSG00000177570",1857.6
"ENSG00000237693",1858
"ENSG00000175029",1858.2
"ENSG00000170961",1858.6
"ENSG00000148848",1859.4
"ENSG00000117091",1859.6
"ENSG00000248485",1859.8
"ENSG00000174705",1860.2
"ENSG00000132334",1860.8
"ENSG00000173110",1860.8
"ENSG00000286749",1861
"ENSG00000285622",1861.6
"ENSG00000203747",1861.8
"ENSG00000072694",1862.4
"ENSG00000007908",1863
"ENSG00000143196",1863.4
"ENSG00000143194",1863.6
"ENSG00000164761",1863.6
"ENSG00000117507",1865
"ENSG00000156802",1865.8
"ENSG00000249738",1866.4
"ENSG00000281641",1866.8
"ENSG00000283683",1868.6
"ENSG00000286122",1869.2
"ENSG00000162779",1869.2
"ENSG00000269821",1869.8
"ENSG00000283415",1873.4
"ENSG00000153317",1874.8
"ENSG00000130413",1875.2
"ENSG00000104419",1875.4
"ENSG00000165071",1875.8
"ENSG00000285280",1876.2
"ENSG00000008083",1876.8
"ENSG00000170085",1877
"ENSG00000134376",1878.8
"ENSG00000227803",1879.2
"ENSG00000163431",1879.2
"ENSG00000253438",1879.4
"ENSG00000133800",1879.8
"ENSG00000133067",1879.8
"ENSG00000110328",1881.8
"ENSG00000231871",1882.2
"ENSG00000285417",1882.2
"ENSG00000105339",1882.4
"ENSG00000137261",1882.8
"ENSG00000104415",1883.8
"ENSG00000286619",1884
"ENSG00000163545",1884.4
"ENSG00000153157",1886.8
"ENSG00000266094",1887.4
"ENSG00000236911",1888
"ENSG00000162897",1888.2
"ENSG00000022567",1888.2
"ENSG00000204389",1888.4
"ENSG00000152954",1888.4
"ENSG00000076356",1889.6
"ENSG00000229983",1890.2
"ENSG00000162814",1890.8
"ENSG00000196126",1891.8
"ENSG00000257551",1892.2
"ENSG00000134343",1893
"ENSG00000226601",1893.8
"ENSG00000232679",1894.2
"ENSG00000143514",1895.4
"ENSG00000203685",1895.6
"ENSG00000236404",1895.6
"ENSG00000153707",1896.4
"ENSG00000289368",1898
"ENSG00000066382",1898.8
"ENSG00000228044",1899.8
"ENSG00000288723",1900
"ENSG00000107295",1900.2
"ENSG00000168405",1900.6
"ENSG00000240498",1901.2
"ENSG00000162843",1902.4
"ENSG00000166016",1902.4
"ENSG00000135373",1903.6
"ENSG00000026508",1904.6
"ENSG00000165304",1905.2
"ENSG00000115738",1905.2
"ENSG00000110436",1905.6
"ENSG00000164627",1906
"ENSG00000234423",1906.2
"ENSG00000117020",1906.6
"ENSG00000149090",1906.6
"ENSG00000226733",1907.2
"ENSG00000179241",1907.6
"ENSG00000106714",1907.8
"ENSG00000230448",1908
"ENSG00000235576",1908.2
"ENSG00000146122",1909
"ENSG00000162981",1910.6
"ENSG00000197261",1912.2
"ENSG00000001084",1912.4
"ENSG00000165092",1912.6
"ENSG00000084674",1913
"ENSG00000235899",1913
"ENSG00000189350",1913
"ENSG00000233862",1916.2
"ENSG00000110077",1917.2
"ENSG00000049323",1917.6
"ENSG00000196092",1917.8
"ENSG00000115295",1918.2
"ENSG00000110079",1918.2
"ENSG00000214787",1919.2
"ENSG00000231826",1919.2
"ENSG00000237803",1919.8
"ENSG00000116016",1920
"ENSG00000166927",1920.4
"ENSG00000119125",1920.4
"ENSG00000234690",1920.8
"ENSG00000230773",1922
"ENSG00000119729",1922.2
"ENSG00000107242",1923
"ENSG00000198478",1923.4
"ENSG00000286604",1925
"ENSG00000138039",1925.2
"ENSG00000285611",1925.4
"ENSG00000228541",1925.6
"ENSG00000135333",1925.8
"ENSG00000196730",1926.6
"ENSG00000233723",1927
"ENSG00000055813",1927.8
"ENSG00000172159",1928.2
"ENSG00000223935",1928.4
"ENSG00000123975",1929
"ENSG00000082293",1929.4
"ENSG00000106829",1929.8
"ENSG00000289156",1929.8
"ENSG00000135299",1930
"ENSG00000079841",1930.4
"ENSG00000269964",1930.6
"ENSG00000059728",1931
"ENSG00000204971",1932
"ENSG00000186642",1933.2
"ENSG00000225937",1933.4
"ENSG00000115353",1934
"ENSG00000234653",1934
"ENSG00000187764",1934.8
"ENSG00000240040",1936.2
"ENSG00000078124",1938.8
"ENSG00000170485",1939.2
"ENSG00000071054",1939.6
"ENSG00000287771",1940.4
"ENSG00000196872",1941
"ENSG00000254420",1941.4
"ENSG00000146263",1941.4
"ENSG00000271860",1942
"ENSG00000172673",1942.6
"ENSG00000286904",1944.4
"ENSG00000169607",1946.8
"ENSG00000234997",1947.4
"ENSG00000153094",1947.8
"ENSG00000150687",1948.2
"ENSG00000115112",1948.2
"ENSG00000106819",1948.8
"ENSG00000155368",1949.4
"ENSG00000144118",1949.8
"ENSG00000285835",1949.8
"ENSG00000136732",1951
"ENSG00000227531",1951.2
"ENSG00000287100",1951.4
"ENSG00000086991",1952.6
"ENSG00000284977",1953.6
"ENSG00000261645",1953.8
"ENSG00000231758",1954.8
"ENSG00000165323",1955
"ENSG00000257277",1955.2
"ENSG00000112319",1956.4
"ENSG00000286215",1956.8
"ENSG00000286335",1957.2
"ENSG00000184384",1959.8
"ENSG00000106952",1960.4
"ENSG00000115159",1961.2
"ENSG00000149972",1961.8
"ENSG00000197635",1963
"ENSG00000228495",1963
"ENSG00000153250",1963.4
"ENSG00000082438",1963.4
"ENSG00000079931",1964.2
"ENSG00000160323",1964.8
"ENSG00000023445",1964.8
"ENSG00000016402",1965.4
"ENSG00000144285",1965.4
"ENSG00000197859",1965.6
"ENSG00000172318",1966.2
"ENSG00000130635",1966.6
"ENSG00000182752",1967.8
"ENSG00000071909",1967.8
"ENSG00000073734",1967.8
"ENSG00000092820",1968
"ENSG00000254987",1968
"ENSG00000167081",1968
"ENSG00000231971",1968
"ENSG00000085265",1968.2
"ENSG00000073737",1968.2
"ENSG00000081479",1968.4
"ENSG00000091428",1968.4
"ENSG00000170962",1969
"ENSG00000128655",1969
"ENSG00000152253",1970.2
"ENSG00000152402",1970.8
"ENSG00000135604",1971
"ENSG00000233452",1971.6
"ENSG00000236501",1972.4
"ENSG00000226571",1973
"ENSG00000234147",1974.2
"ENSG00000231689",1974.8
"ENSG00000151632",1976.6
"ENSG00000106266",1976.8
"ENSG00000149294",1978.6
"ENSG00000173559",1979.4
"ENSG00000185736",1980.2
"ENSG00000182985",1981
"ENSG00000286533",1981.2
"ENSG00000197121",1981.6
"ENSG00000271893",1982.2
"ENSG00000091831",1982.8
"ENSG00000065413",1983.4
"ENSG00000177103",1984.2
"ENSG00000222035",1984.8
"ENSG00000163600",1986
"ENSG00000173166",1987.6
"ENSG00000019144",1988.2
"ENSG00000229321",1989.2
"ENSG00000197756",1989.6
"ENSG00000237525",1990
"ENSG00000149403",1991.2
"ENSG00000071242",1991.6
"ENSG00000144451",1992.2
"ENSG00000286639",1992.6
"ENSG00000286044",1992.8
"ENSG00000287277",1993.4
"ENSG00000255248",1993.8
"ENSG00000288819",1994
"ENSG00000154127",1994.8
"ENSG00000123243",1995
"ENSG00000236432",1995.4
"ENSG00000227033",1997.2
"ENSG00000286376",1997.2
"ENSG00000166250",1997.2
"ENSG00000011426",1997.6
"ENSG00000224814",1998
"ENSG00000163053",1998.2
"ENSG00000023171",1998.2
"ENSG00000188042",1998.4
"ENSG00000151468",1998.6
"ENSG00000235726",1998.8
"ENSG00000168918",1999
"ENSG00000150867",1999
"ENSG00000149571",2000.8
"ENSG00000132321",2001
"ENSG00000235947",2001.2
"ENSG00000233392",2001.2
"ENSG00000233608",2001.4
"ENSG00000151025",2002.2
"ENSG00000134954",2002.4
"ENSG00000095777",2003
"ENSG00000122547",2003.2
"ENSG00000151702",2003.4
"ENSG00000229656",2003.8
"ENSG00000134070",2003.8
"ENSG00000150051",2004.4
"ENSG00000197085",2005.2
"ENSG00000144713",2005.4
"ENSG00000187258",2005.8
"ENSG00000078053",2006.2
"ENSG00000272568",2006.4
"ENSG00000240583",2006.4
"ENSG00000285906",2007
"ENSG00000132164",2007.2
"ENSG00000166086",2008.4
"ENSG00000131378",2008.8
"ENSG00000282987",2009.6
"ENSG00000206561",2010.2
"ENSG00000287042",2010.2
"ENSG00000228956",2010.4
"ENSG00000237838",2013.2
"ENSG00000163508",2013.2
"ENSG00000287249",2013.6
"ENSG00000179796",2013.8
"ENSG00000127955",2014.6
"ENSG00000047617",2015
"ENSG00000235904",2015.4
"ENSG00000110799",2016
"ENSG00000289450",2016.4
"ENSG00000153551",2016.6
"ENSG00000127951",2017
"ENSG00000106536",2017.8
"ENSG00000002746",2017.8
"ENSG00000280739",2018.2
"ENSG00000153558",2018.6
"ENSG00000165443",2018.6
"ENSG00000225611",2019
"ENSG00000144677",2019
"ENSG00000205628",2019.2
"ENSG00000177675",2019.4
"ENSG00000088538",2019.8
"ENSG00000152926",2020.2
"ENSG00000177575",2020.4
"ENSG00000281103",2020.6
"ENSG00000163808",2021
"ENSG00000072422",2022
"ENSG00000068001",2022
"ENSG00000231131",2022
"ENSG00000173262",2022.2
"ENSG00000162244",2022.6
"ENSG00000150347",2023.2
"ENSG00000059804",2023.4
"ENSG00000144730",2023.8
"ENSG00000128805",2024.6
"ENSG00000185274",2025.2
"ENSG00000244342",2026
"ENSG00000255801",2026.2
"ENSG00000163689",2026.8
"ENSG00000241359",2027
"ENSG00000163630",2027.6
"ENSG00000241316",2028
"ENSG00000285708",2029.4
"ENSG00000175899",2029.8
"ENSG00000163421",2030
"ENSG00000288039",2030.2
"ENSG00000242009",2030.4
"ENSG00000148541",2030.4
"ENSG00000126838",2030.8
"ENSG00000165449",2031.2
"ENSG00000168209",2032.4
"ENSG00000279658",2032.6
"ENSG00000228065",2032.8
"ENSG00000150045",2034.6
"ENSG00000156026",2036
"ENSG00000285780",2036.2
"ENSG00000165682",2036.6
"ENSG00000150048",2037.6
"ENSG00000127928",2037.6
"ENSG00000170381",2037.8
"ENSG00000114423",2038.2
"ENSG00000008277",2038.4
"ENSG00000172243",2038.6
"ENSG00000287682",2039.2
"ENSG00000005471",2041
"ENSG00000289358",2042
"ENSG00000172139",2043.2
"ENSG00000134545",2043.4
"ENSG00000242242",2044.6
"ENSG00000114529",2045
"ENSG00000163606",2045
"ENSG00000178878",2045.4
"ENSG00000091986",2046.6
"ENSG00000138135",2047.6
"ENSG00000134531",2047.6
"ENSG00000111341",2049.2
"ENSG00000243276",2049.2
"ENSG00000105976",2050
"ENSG00000082781",2050.2
"ENSG00000134533",2050.4
"ENSG00000250012",2050.6
"ENSG00000105851",2051
"ENSG00000074416",2051.2
"ENSG00000014257",2051.4
"ENSG00000170615",2051.6
"ENSG00000282301",2052
"ENSG00000082684",2052.2
"ENSG00000231210",2053.2
"ENSG00000107798",2053.2
"ENSG00000255910",2053.4
"ENSG00000091513",2053.4
"ENSG00000182771",2054
"ENSG00000256287",2054.4
"ENSG00000172572",2055.4
"ENSG00000187715",2055.8
"ENSG00000287232",2056.4
"ENSG00000227356",2056.6
"ENSG00000138193",2056.8
"ENSG00000111700",2056.8
"ENSG00000181744",2057.8
"ENSG00000120054",2059.2
"ENSG00000285557",2059.4
"ENSG00000111716",2059.8
"ENSG00000163746",2060
"ENSG00000175093",2060.8
"ENSG00000196428",2061.8
"ENSG00000060982",2062.4
"ENSG00000105989",2062.6
"ENSG00000198074",2062.8
"ENSG00000144893",2062.8
"ENSG00000287688",2063
"ENSG00000106018",2063
"ENSG00000196329",2063.6
"ENSG00000163646",2063.8
"ENSG00000189320",2063.8
"ENSG00000047457",2064
"ENSG00000114771",2064.6
"ENSG00000181631",2064.8
"ENSG00000245857",2065.2
"ENSG00000234352",2065.4
"ENSG00000229619",2065.6
"ENSG00000198829",2065.8
"ENSG00000211772",2066.2
"ENSG00000029153",2066.4
"ENSG00000120051",2066.6
"ENSG00000110841",2067.6
"ENSG00000243176",2068.4
"ENSG00000114200",2068.4
"ENSG00000179674",2068.6
"ENSG00000203876",2068.8
"ENSG00000119969",2069
"ENSG00000243069",2069
"ENSG00000164733",2069.4
"ENSG00000138166",2070
"ENSG00000121858",2070.6
"ENSG00000133687",2071.4
"ENSG00000091879",2072.6
"ENSG00000223387",2073.2
"ENSG00000105894",2073.2
"ENSG00000151746",2073.8
"ENSG00000254242",2074.4
"ENSG00000244227",2074.8
"ENSG00000058056",2075.8
"ENSG00000186480",2076.2
"ENSG00000285336",2076.4
"ENSG00000177640",2077
"ENSG00000242522",2077.8
"ENSG00000165966",2078.4
"ENSG00000257228",2079.4
"ENSG00000223930",2079.8
"ENSG00000145192",2079.8
"ENSG00000184661",2080.4
"ENSG00000113889",2080.6
"ENSG00000229102",2080.8
"ENSG00000073849",2081
"ENSG00000065154",2081.2
"ENSG00000139174",2081.4
"ENSG00000184613",2082.4
"ENSG00000231383",2083.4
"ENSG00000111371",2084
"ENSG00000188001",2084.4
"ENSG00000197142",2084.6
"ENSG00000139209",2085.2
"ENSG00000278518",2085.4
"ENSG00000133874",2086
"ENSG00000179715",2086.2
"ENSG00000184985",2086.6
"ENSG00000291192",2087.4
"ENSG00000109667",2089.8
"ENSG00000125089",2090.6
"ENSG00000274461",2093
"ENSG00000135480",2093.8
"ENSG00000168079",2093.8
"ENSG00000249252",2093.8
"ENSG00000250317",2095
"ENSG00000163145",2095.6
"ENSG00000247134",2097
"ENSG00000288321",2097.8
"ENSG00000251129",2098.2
"ENSG00000109790",2098.6
"ENSG00000134962",2099
"ENSG00000109819",2099.2
"ENSG00000133789",2100.6
"ENSG00000258231",2100.6
"ENSG00000257259",2101.6
"ENSG00000135605",2102
"ENSG00000178538",2102.4
"ENSG00000072952",2103
"ENSG00000118596",2103.8
"ENSG00000147573",2104
"ENSG00000188848",2104.4
"ENSG00000251438",2104.6
"ENSG00000163285",2105.8
"ENSG00000104237",2105.8
"ENSG00000175868",2106
"ENSG00000196620",2106.6
"ENSG00000035720",2106.8
"ENSG00000109181",2107
"ENSG00000072201",2107.4
"ENSG00000171234",2107.6
"ENSG00000148926",2107.6
"ENSG00000253322",2107.8
"ENSG00000287227",2107.8
"ENSG00000153179",2109.2
"ENSG00000163631",2110.4
"ENSG00000121621",2110.6
"ENSG00000174099",2110.8
"ENSG00000249413",2111.4
"ENSG00000166444",2111.4
"ENSG00000262655",2111.4
"ENSG00000248049",2112
"ENSG00000138767",2112.4
"ENSG00000090376",2112.8
"ENSG00000169245",2113.2
"ENSG00000110427",2113.6
"ENSG00000109193",2113.8
"ENSG00000255733",2114.8
"ENSG00000251301",2116
"ENSG00000253500",2116.2
"ENSG00000254288",2117
"ENSG00000253983",2117.6
"ENSG00000135678",2117.6
"ENSG00000286035",2117.6
"ENSG00000090382",2118.6
"ENSG00000272414",2119.2
"ENSG00000250334",2119.4
"ENSG00000250062",2119.6
"ENSG00000166268",2119.8
"ENSG00000170509",2120
"ENSG00000173432",2121
"ENSG00000251442",2121
"ENSG00000163624",2121.2
"ENSG00000285579",2121.2
"ENSG00000135643",2121.4
"ENSG00000163106",2121.8
"ENSG00000258168",2122.4
"ENSG00000171714",2122.8
"ENSG00000187479",2123.2
"ENSG00000127329",2123.4
"ENSG00000153233",2124.4
"ENSG00000164893",2125
"ENSG00000248858",2125.6
"ENSG00000251620",2125.6
"ENSG00000248676",2126.4
"ENSG00000109323",2126.8
"ENSG00000129151",2127
"ENSG00000072657",2127.2
"ENSG00000196616",2128
"ENSG00000254180",2128.4
"ENSG00000248144",2128.4
"ENSG00000138821",2128.6
"ENSG00000258077",2129.2
"ENSG00000104432",2129.2
"ENSG00000163116",2130.4
"ENSG00000251577",2131
"ENSG00000248373",2131
"ENSG00000067798",2131.4
"ENSG00000253582",2131.6
"ENSG00000164830",2132.4
"ENSG00000285751",2132.6
"ENSG00000249635",2132.6
"ENSG00000067715",2133
"ENSG00000155090",2133
"ENSG00000162174",2133.8
"ENSG00000232021",2134.6
"ENSG00000196600",2134.6
"ENSG00000109475",2135.4
"ENSG00000156509",2135.6
"ENSG00000138741",2136.2
"ENSG00000287692",2136.6
"ENSG00000139220",2138
"ENSG00000148948",2139
"ENSG00000164070",2139.2
"ENSG00000179104",2139.6
"ENSG00000109436",2141.2
"ENSG00000151012",2141.2
"ENSG00000182050",2142.2
"ENSG00000165434",2142.6
"ENSG00000261083",2143
"ENSG00000250149",2143.4
"ENSG00000049130",2143.6
"ENSG00000251432",2144.4
"ENSG00000250326",2144.6
"ENSG00000253666",2144.8
"ENSG00000151466",2145
"ENSG00000258216",2145.6
"ENSG00000147655",2146.8
"ENSG00000011465",2147.2
"ENSG00000287195",2148.4
"ENSG00000250406",2148.4
"ENSG00000237136",2148.8
"ENSG00000250706",2149
"ENSG00000121211",2149.8
"ENSG00000250777",2150
"ENSG00000109458",2150.2
"ENSG00000251372",2150.4
"ENSG00000280241",2150.6
"ENSG00000033327",2150.6
"ENSG00000171564",2150.8
"ENSG00000149256",2152.4
"ENSG00000057704",2153.2
"ENSG00000171560",2153.8
"ENSG00000153310",2154.2
"ENSG00000074527",2154.4
"ENSG00000137501",2155
"ENSG00000084110",2155.4
"ENSG00000251244",2156.8
"ENSG00000061918",2157.2
"ENSG00000253988",2157.8
"ENSG00000147724",2158.4
"ENSG00000080298",2158.4
"ENSG00000155897",2158.4
"ENSG00000145428",2158.4
"ENSG00000120158",2159.6
"ENSG00000258312",2159.6
"ENSG00000109861",2159.8
"ENSG00000052795",2159.8
"ENSG00000164124",2160
"ENSG00000250266",2160
"ENSG00000185046",2160.6
"ENSG00000249275",2160.6
"ENSG00000250708",2161.4
"ENSG00000104537",2162.2
"ENSG00000254233",2164.4
"ENSG00000205549",2165.2
"ENSG00000251216",2165.6
"ENSG00000149212",2165.8
"ENSG00000174358",2166
"ENSG00000289197",2166.2
"ENSG00000186352",2166.6
"ENSG00000251365",2167
"ENSG00000136011",2167.4
"ENSG00000287544",2167.8
"ENSG00000171310",2168.8
"ENSG00000248150",2169.6
"ENSG00000106993",2169.8
"ENSG00000235162",2170.4
"ENSG00000154162",2171.2
"ENSG00000249332",2171.4
"ENSG00000187240",2172.2
"ENSG00000179331",2172.2
"ENSG00000106686",2173.2
"ENSG00000120162",2173.8
"ENSG00000174600",2174
"ENSG00000154529",2174.4
"ENSG00000150782",2175.4
"ENSG00000245662",2175.6
"ENSG00000248145",2175.8
"ENSG00000253766",2177.2
"ENSG00000135094",2177.8
"ENSG00000154153",2178
"ENSG00000164946",2178.2
"ENSG00000133401",2180
"ENSG00000251443",2180.2
"ENSG00000250697",2180.8
"ENSG00000254968",2181
"ENSG00000152137",2181
"ENSG00000010438",2181.8
"ENSG00000113494",2182
"ENSG00000145592",2182.2
"ENSG00000137077",2182.4
"ENSG00000248636",2182.8
"ENSG00000224982",2183.8
"ENSG00000145623",2184.6
"ENSG00000110777",2184.8
"ENSG00000135127",2185.4
"ENSG00000145649",2186.2
"ENSG00000070193",2187.8
"ENSG00000135063",2189.4
"ENSG00000248898",2190.4
"ENSG00000165091",2190.8
"ENSG00000181234",2192.4
"ENSG00000250387",2192.6
"ENSG00000145632",2193
"ENSG00000287709",2193.6
"ENSG00000291061",2194
"ENSG00000256947",2194.2
"ENSG00000060709",2194.4
"ENSG00000181104",2194.4
"ENSG00000250961",2194.6
"ENSG00000249069",2195.6
"ENSG00000236068",2196
"ENSG00000187210",2196.4
"ENSG00000250802",2196.6
"ENSG00000276476",2196.6
"ENSG00000113231",2197
"ENSG00000134057",2197
"ENSG00000136881",2197.6
"ENSG00000148082",2198.2
"ENSG00000151715",2198.8
"ENSG00000145692",2199
"ENSG00000148053",2200.2
"ENSG00000119326",2200.6
"ENSG00000122025",2200.8
"ENSG00000102755",2201.8
"ENSG00000127184",2201.8
"ENSG00000132938",2202.8
"ENSG00000197905",2203.4
"ENSG00000139514",2203.8
"ENSG00000148154",2204
"ENSG00000285190",2204.8
"ENSG00000197506",2206.2
"ENSG00000188312",2206.4
"ENSG00000250049",2207.8
"ENSG00000172915",2208.8
"ENSG00000275465",2208.8
"ENSG00000106868",2209.8
"ENSG00000133083",2209.8
"ENSG00000171444",2210.4
"ENSG00000236882",2210.8
"ENSG00000235819",2211
"ENSG00000245864",2211.2
"ENSG00000255145",2211.6
"ENSG00000133110",2211.6
"ENSG00000281357",2211.8
"ENSG00000226237",2212
"ENSG00000198178",2212.4
"ENSG00000152503",2212.8
"ENSG00000249494",2213
"ENSG00000286577",2213
"ENSG00000185261",2213.4
"ENSG00000133302",2213.8
"ENSG00000183722",2214.2
"ENSG00000166523",2214.6
"ENSG00000251314",2215.6
"ENSG00000246859",2215.8
"ENSG00000166532",2216.2
"ENSG00000102760",2216.4
"ENSG00000173930",2217.4
"ENSG00000102780",2217.4
"ENSG00000239642",2218.2
"ENSG00000187239",2218.4
"ENSG00000145780",2218.8
"ENSG00000133106",2219
"ENSG00000120658",2220
"ENSG00000111796",2221
"ENSG00000110848",2221.2
"ENSG00000134986",2221.8
"ENSG00000250095",2222.2
"ENSG00000253807",2223.2
"ENSG00000136167",2223.6
"ENSG00000248445",2223.6
"ENSG00000187678",2223.8
"ENSG00000107317",2224.8
"ENSG00000145824",2224.8
"ENSG00000145808",2225.8
"ENSG00000064692",2226.4
"ENSG00000264006",2226.6
"ENSG00000250328",2226.8
"ENSG00000186047",2227.4
"ENSG00000106991",2227.4
"ENSG00000250603",2227.6
"ENSG00000134539",2227.8
"ENSG00000164587",2228.2
"ENSG00000118946",2229.6
"ENSG00000106689",2230.6
"ENSG00000112981",2231
"ENSG00000250842",2231.4
"ENSG00000184226",2231.8
"ENSG00000231185",2233.2
"ENSG00000013588",2233.4
"ENSG00000106804",2233.4
"ENSG00000164270",2234.2
"ENSG00000187134",2234.4
"ENSG00000276644",2234.8
"ENSG00000202515",2234.8
"ENSG00000102554",2235.8
"ENSG00000145936",2237
"ENSG00000113739",2238.2
"ENSG00000151491",2238.8
"ENSG00000183876",2240
"ENSG00000136160",2240.6
"ENSG00000231039",2241.2
"ENSG00000113645",2241.4
"ENSG00000234377",2241.6
"ENSG00000286746",2243
"ENSG00000254226",2243.4
"ENSG00000151023",2244
"ENSG00000099256",2244.2
"ENSG00000237943",2244.8
"ENSG00000054598",2245.2
"ENSG00000065809",2245.2
"ENSG00000285699",2245.6
"ENSG00000216863",2245.8
"ENSG00000055163",2245.8
"ENSG00000285868",2246.2
"ENSG00000271395",2247
"ENSG00000179399",2248
"ENSG00000118308",2248.4
"ENSG00000172197",2249.4
"ENSG00000124785",2250.2
"ENSG00000283240",2250.8
"ENSG00000172201",2250.8
"ENSG00000150054",2251
"ENSG00000286785",2251.4
"ENSG00000287814",2252.4
"ENSG00000285294",2252.8
"ENSG00000088387",2253
"ENSG00000021355",2253.2
"ENSG00000287003",2253.4
"ENSG00000110975",2255
"ENSG00000168477",2255.6
"ENSG00000198542",2255.8
"ENSG00000095739",2256
"ENSG00000225914",2256.4
"ENSG00000102466",2256.8
"ENSG00000272009",2256.8
"ENSG00000197279",2257.2
"ENSG00000125266",2258
"ENSG00000204832",2258.2
"ENSG00000137198",2258.6
"ENSG00000237036",2258.8
"ENSG00000284966",2259
"ENSG00000112799",2259.2
"ENSG00000226281",2259.6
"ENSG00000204442",2260.6
"ENSG00000204740",2260.6
"ENSG00000257599",2260.8
"ENSG00000107562",2261.2
"ENSG00000285219",2261.2
"ENSG00000223865",2261.6
"ENSG00000285534",2262
"ENSG00000231500",2262.6
"ENSG00000283480",2263.2
"ENSG00000187498",2263.4
"ENSG00000112033",2263.6
"ENSG00000172602",2263.8
"ENSG00000134871",2264.4
"ENSG00000164626",2264.4
"ENSG00000064763",2265
"ENSG00000165507",2265.6
"ENSG00000161791",2267.2
"ENSG00000184497",2267.2
"ENSG00000233358",2267.2
"ENSG00000286811",2267.6
"ENSG00000124780",2267.6
"ENSG00000138316",2268
"ENSG00000272381",2268.2
"ENSG00000290217",2269.6
"ENSG00000112782",2270.2
"ENSG00000099250",2270.2
"ENSG00000124575",2270.2
"ENSG00000092068",2270.8
"ENSG00000291065",2270.8
"ENSG00000122863",2271.2
"ENSG00000018236",2271.4
"ENSG00000283573",2272
"ENSG00000231441",2272
"ENSG00000123342",2272
"ENSG00000161835",2272.2
"ENSG00000236466",2273.2
"ENSG00000182010",2273.2
"ENSG00000168952",2273.4
"ENSG00000257239",2273.8
"ENSG00000139910",2274.6
"ENSG00000183346",2275
"ENSG00000123338",2275
"ENSG00000135426",2275.8
"ENSG00000198739",2276
"ENSG00000184304",2276.8
"ENSG00000236345",2277.2
"ENSG00000289158",2277.2
"ENSG00000180644",2277.4
"ENSG00000196284",2277.6
"ENSG00000164430",2277.8
"ENSG00000151322",2278.4
"ENSG00000198682",2279
"ENSG00000156508",2279
"ENSG00000224714",2279.2
"ENSG00000012660",2279.8
"ENSG00000225730",2279.8
"ENSG00000138160",2280.8
"ENSG00000183032",2280.8
"ENSG00000198673",2282.2
"ENSG00000112742",2282.4
"ENSG00000176435",2282.6
"ENSG00000148671",2282.8
"ENSG00000111110",2283
"ENSG00000232295",2283.8
"ENSG00000196935",2284
"ENSG00000258526",2285.2
"ENSG00000289911",2286
"ENSG00000112245",2286.4
"ENSG00000251363",2286.6
"ENSG00000112297",2286.8
"ENSG00000155974",2287.4
"ENSG00000166348",2288.4
"ENSG00000139915",2288.6
"ENSG00000231533",2289.8
"ENSG00000100505",2290.6
"ENSG00000112773",2292.4
"ENSG00000227220",2292.6
"ENSG00000186469",2292.6
"ENSG00000148680",2293.2
"ENSG00000149948",2293.2
"ENSG00000053328",2294.2
"ENSG00000168229",2294.8
"ENSG00000226688",2295.8
"ENSG00000111907",2297.6
"ENSG00000237356",2297.8
"ENSG00000285875",2298.6
"ENSG00000235269",2298.8
"ENSG00000203799",2298.8
"ENSG00000138134",2298.8
"ENSG00000139292",2299
"ENSG00000111912",2299.2
"ENSG00000118491",2299.2
"ENSG00000112306",2300
"ENSG00000249853",2300.6
"ENSG00000108231",2301
"ENSG00000236700",2301.4
"ENSG00000165899",2302
"ENSG00000155629",2303.2
"ENSG00000139946",2303.2
"ENSG00000257894",2303.8
"ENSG00000164442",2303.8
"ENSG00000074706",2304.8
"ENSG00000148773",2305.2
"ENSG00000175048",2305.8
"ENSG00000139970",2306.2
"ENSG00000231028",2307.4
"ENSG00000164484",2307.8
"ENSG00000027075",2308.2
"ENSG00000290067",2308.8
"ENSG00000154269",2309.2
"ENSG00000237499",2309.6
"ENSG00000126785",2310
"ENSG00000228334",2311.4
"ENSG00000198774",2311.4
"ENSG00000078269",2315.2
"ENSG00000006468",2315.4
"ENSG00000133640",2315.8
"ENSG00000226445",2316.2
"ENSG00000186340",2316.6
"ENSG00000288714",2316.6
"ENSG00000229981",2317
"ENSG00000120262",2317.2
"ENSG00000229017",2318
"ENSG00000130649",2318.2
"ENSG00000139304",2318.8
"ENSG00000257322",2318.8
"ENSG00000140044",2319
"ENSG00000228598",2319.2
"ENSG00000119686",2320.2
"ENSG00000136040",2320.8
"ENSG00000257878",2321
"ENSG00000277851",2322.6
"ENSG00000026297",2323
"ENSG00000291237",2323.2
"ENSG00000255470",2323.6
"ENSG00000053918",2323.6
"ENSG00000003147",2324
"ENSG00000285162",2324
"ENSG00000230333",2324
"ENSG00000021645",2324.2
"ENSG00000122574",2324.4
"ENSG00000106100",2324.8
"ENSG00000225437",2325.2
"ENSG00000164694",2325.6
"ENSG00000139354",2325.8
"ENSG00000236303",2326.4
"ENSG00000100629",2326.8
"ENSG00000223838",2327.6
"ENSG00000146530",2328.4
"ENSG00000184956",2328.4
"ENSG00000185070",2329.6
"ENSG00000258733",2330.6
"ENSG00000110680",2330.8
"ENSG00000152315",2333.2
"ENSG00000122641",2333.8
"ENSG00000237400",2334.4
"ENSG00000227191",2335.2
"ENSG00000005108",2335.2
"ENSG00000134339",2335.4
"ENSG00000237070",2335.6
"ENSG00000074590",2335.8
"ENSG00000140092",2336
"ENSG00000223561",2336.4
"ENSG00000151136",2337.2
"ENSG00000140090",2337.2
"ENSG00000100600",2338.4
"ENSG00000011347",2339.4
"ENSG00000134824",2340
"ENSG00000149485",2340.8
"ENSG00000232072",2341.4
"ENSG00000183273",2342
"ENSG00000127152",2342.2
"ENSG00000179088",2343
"ENSG00000150977",2343.2
"ENSG00000224017",2345.4
"ENSG00000213462",2345.6
"ENSG00000214548",2346.4
"ENSG00000225746",2347.6
"ENSG00000137478",2348.4
"ENSG00000006576",2348.4
"ENSG00000233854",2348.6
"ENSG00000285964",2348.8
"ENSG00000236197",2350
"ENSG00000157570",2350.8
"ENSG00000211895",2351
"ENSG00000169902",2351.2
"ENSG00000151952",2352.2
"ENSG00000148942",2352.4
"ENSG00000211899",2353.4
"ENSG00000167996",2353.4
"ENSG00000175538",2354.2
"ENSG00000287373",2355.4
"ENSG00000127863",2355.6
"ENSG00000206190",2355.6
"ENSG00000166206",2356.6
"ENSG00000182256",2357.6
"ENSG00000086730",2358.4
"ENSG00000164604",2359
"ENSG00000187391",2359.4
"ENSG00000151376",2361
"ENSG00000175115",2361.6
"ENSG00000250519",2361.6
"ENSG00000156738",2362.4
"ENSG00000248905",2362.8
"ENSG00000198822",2363.4
"ENSG00000285921",2363.8
"ENSG00000274150",2364.6
"ENSG00000259245",2365.2
"ENSG00000105784",2365.2
"ENSG00000134138",2366.4
"ENSG00000287733",2367.2
"ENSG00000259434",2367.4
"ENSG00000120693",2367.6
"ENSG00000127989",2367.8
"ENSG00000106258",2368.6
"ENSG00000133107",2369.2
"ENSG00000128578",2369.4
"ENSG00000171631",2369.4
"ENSG00000127920",2369.4
"ENSG00000164867",2369.8
"ENSG00000175779",2369.8
"ENSG00000225546",2370.8
"ENSG00000259345",2370.8
"ENSG00000198010",2371.2
"ENSG00000102445",2371.4
"ENSG00000187416",2372.6
"ENSG00000275342",2373.2
"ENSG00000132965",2373.2
"ENSG00000164675",2373.2
"ENSG00000255929",2373.2
"ENSG00000243797",2373.4
"ENSG00000254367",2373.6
"ENSG00000105939",2373.6
"ENSG00000166073",2373.8
"ENSG00000173281",2374.2
"ENSG00000171044",2375.4
"ENSG00000136573",2375.8
"ENSG00000255234",2376
"ENSG00000105835",2376.6
"ENSG00000134627",2377
"ENSG00000226846",2378.6
"ENSG00000164825",2378.6
"ENSG00000076706",2380.2
"ENSG00000135272",2380.2
"ENSG00000215483",2380.6
"ENSG00000137672",2381
"ENSG00000211751",2381.2
"ENSG00000173535",2381.4
"ENSG00000137872",2381.8
"ENSG00000082175",2382.2
"ENSG00000139734",2382.4
"ENSG00000253184",2382.4
"ENSG00000110324",2383.6
"ENSG00000285909",2384.4
"ENSG00000166147",2384.4
"ENSG00000258227",2384.4
"ENSG00000175445",2384.6
"ENSG00000174469",2385.8
"ENSG00000156675",2387
"ENSG00000286330",2387.8
"ENSG00000168615",2388.2
"ENSG00000273415",2388.4
"ENSG00000120885",2388.8
"ENSG00000136111",2389.4
"ENSG00000253690",2390.6
"ENSG00000109943",2390.8
"ENSG00000120875",2391.2
"ENSG00000197535",2391.4
"ENSG00000104760",2391.4
"ENSG00000131203",2392.6
"ENSG00000166415",2393.2
"ENSG00000288016",2394.6
"ENSG00000137673",2394.6
"ENSG00000198851",2396.2
"ENSG00000160593",2396.4
"ENSG00000008988",2396.6
"ENSG00000171840",2397.6
"ENSG00000125257",2398.8
"ENSG00000167910",2398.8
"ENSG00000104635",2399
"ENSG00000010278",2399.2
"ENSG00000137575",2399.2
"ENSG00000255274",2400.4
"ENSG00000176907",2400.8
"ENSG00000187608",2401
"ENSG00000227634",2401.4
"ENSG00000116251",2401.6
"ENSG00000171612",2401.6
"ENSG00000147485",2402
"ENSG00000175147",2402.2
"ENSG00000234593",2402.2
"ENSG00000162444",2402.2
"ENSG00000142634",2402.8
"ENSG00000280222",2402.8
"ENSG00000288818",2402.8
"ENSG00000230424",2403
"ENSG00000169991",2403.4
"ENSG00000162551",2403.4
"ENSG00000117115",2403.6
"ENSG00000184454",2403.6
"ENSG00000010610",2404.2
"ENSG00000179002",2404.2
"ENSG00000182667",2404.2
"ENSG00000007968",2404.4
"ENSG00000164687",2404.4
"ENSG00000197880",2404.6
"ENSG00000121039",2404.6
"ENSG00000256717",2404.6
"ENSG00000253368",2404.6
"ENSG00000117632",2405
"ENSG00000227050",2405.2
"ENSG00000121769",2405.8
"ENSG00000142676",2406
"ENSG00000134668",2406
"ENSG00000029534",2406
"ENSG00000284543",2406.2
"ENSG00000284721",2406.2
"ENSG00000253281",2406.4
"ENSG00000066056",2406.4
"ENSG00000287703",2406.6
"ENSG00000137834",2406.6
"ENSG00000286433",2407
"ENSG00000168389",2407
"ENSG00000163909",2407
"ENSG00000272145",2407.2
"ENSG00000130770",2407.4
"ENSG00000044012",2407.4
"ENSG00000188060",2407.6
"ENSG00000243710",2407.8
"ENSG00000137819",2408
"ENSG00000290466",2408
"ENSG00000142910",2408.2
"ENSG00000205268",2408.6
"ENSG00000187513",2408.6
"ENSG00000139044",2408.8
"ENSG00000132854",2408.8
"ENSG00000157193",2408.8
"ENSG00000132122",2409
"ENSG00000079739",2409
"ENSG00000134690",2409.2
"ENSG00000229846",2409.2
"ENSG00000227070",2409.4
"ENSG00000242396",2409.4
"ENSG00000121005",2409.6
"ENSG00000227742",2409.6
"ENSG00000116990",2409.8
"ENSG00000169213",2409.8
"ENSG00000084070",2410
"ENSG00000283445",2410
"ENSG00000245750",2410.2
"ENSG00000234807",2410.2
"ENSG00000152763",2410.4
"ENSG00000235545",2410.8
"ENSG00000254366",2410.8
"ENSG00000139832",2410.8
"ENSG00000058804",2410.8
"ENSG00000237928",2410.8
"ENSG00000085999",2411.2
"ENSG00000104341",2411.6
"ENSG00000269113",2411.8
"ENSG00000177606",2411.8
"ENSG00000185942",2411.8
"ENSG00000162623",2412
"ENSG00000250295",2412.2
"ENSG00000183715",2412.4
"ENSG00000162391",2412.4
"ENSG00000223949",2412.6
"ENSG00000076554",2413
"ENSG00000069493",2413.2
"ENSG00000102452",2413.2
"ENSG00000116717",2413.6
"ENSG00000178965",2413.8
"ENSG00000271200",2413.8
"ENSG00000285407",2413.8
"ENSG00000132855",2414
"ENSG00000164683",2414
"ENSG00000254689",2414.4
"ENSG00000142875",2414.6
"ENSG00000142867",2415.2
"ENSG00000153904",2415.4
"ENSG00000234184",2415.4
"ENSG00000233008",2415.8
"ENSG00000285201",2416
"ENSG00000285210",2416
"ENSG00000156482",2416.6
"ENSG00000267272",2417
"ENSG00000253394",2417.2
"ENSG00000154511",2417.4
"ENSG00000171492",2418
"ENSG00000288826",2418.6
"ENSG00000143036",2419
"ENSG00000259692",2419.2
"ENSG00000023909",2419.2
"ENSG00000271092",2419.2
"ENSG00000117600",2419.4
"ENSG00000249917",2419.4
"ENSG00000237568",2419.4
"ENSG00000085433",2419.6
"ENSG00000287406",2419.8
"ENSG00000162631",2420
"ENSG00000164935",2420
"ENSG00000184371",2420
"ENSG00000253320",2420.2
"ENSG00000116396",2420.2
"ENSG00000226822",2420.4
"ENSG00000228086",2420.4
"ENSG00000099260",2420.6
"ENSG00000259834",2420.8
"ENSG00000271578",2420.8
"ENSG00000172322",2421.2
"ENSG00000104435",2421.4
"ENSG00000121933",2421.4
"ENSG00000134245",2421.8
"ENSG00000134184",2421.8
"ENSG00000231128",2422
"ENSG00000132561",2422.2
"ENSG00000286675",2422.4
"ENSG00000081026",2422.6
"ENSG00000289041",2423
"ENSG00000228035",2423.2
"ENSG00000143376",2423.2
"ENSG00000180694",2423.4
"ENSG00000203865",2423.4
"ENSG00000224238",2423.6
"ENSG00000143061",2423.8
"ENSG00000188610",2424
"ENSG00000282022",2424
"ENSG00000140538",2424.2
"ENSG00000286308",2424.2
"ENSG00000228013",2424.2
"ENSG00000116874",2424.4
"ENSG00000245648",2424.6
"ENSG00000163131",2424.6
"ENSG00000198019",2424.8
"ENSG00000270872",2425
"ENSG00000139926",2425.8
"ENSG00000136999",2425.8
"ENSG00000278811",2425.8
"ENSG00000229021",2426.2
"ENSG00000132704",2426.2
"ENSG00000159450",2426.4
"ENSG00000224943",2426.4
"ENSG00000132677",2426.8
"ENSG00000163221",2427
"ENSG00000172164",2427
"ENSG00000143546",2427.2
"ENSG00000158882",2428
"ENSG00000143627",2428.2
"ENSG00000018625",2428.2
"ENSG00000181036",2428.6
"ENSG00000258551",2428.6
"ENSG00000273112",2428.6
"ENSG00000132688",2429
"ENSG00000225217",2429
"ENSG00000177807",2429
"ENSG00000118217",2429.2
"ENSG00000122223",2429.4
"ENSG00000176463",2429.6
"ENSG00000289768",2429.8
"ENSG00000162747",2430
"ENSG00000143179",2430
"ENSG00000162745",2430.2
"ENSG00000162733",2430.6
"ENSG00000244682",2430.6
"ENSG00000117477",2431
"ENSG00000143195",2431.2
"ENSG00000174175",2431.2
"ENSG00000117152",2431.2
"ENSG00000229588",2431.2
"ENSG00000143167",2431.4
"ENSG00000232892",2431.4
"ENSG00000253434",2431.8
"ENSG00000140563",2431.8
"ENSG00000228697",2432
"ENSG00000158869",2432.2
"ENSG00000231407",2432.2
"ENSG00000235303",2432.6
"ENSG00000253741",2433
"ENSG00000060138",2433.4
"ENSG00000135845",2433.4
"ENSG00000156804",2433.6
"ENSG00000198574",2433.6
"ENSG00000180999",2433.8
"ENSG00000116147",2434
"ENSG00000249816",2434.4
"ENSG00000188906",2434.4
"ENSG00000227579",2434.8
"ENSG00000155792",2435
"ENSG00000117479",2435
"ENSG00000253111",2435.2
"ENSG00000259134",2435.2
"ENSG00000224687",2435.4
"ENSG00000162783",2435.6
"ENSG00000197646",2436.2
"ENSG00000180998",2436.2
"ENSG00000259072",2436.4
"ENSG00000275443",2436.4
"ENSG00000117601",2436.8
"ENSG00000259070",2437.2
"ENSG00000247809",2437.4
"ENSG00000198756",2437.4
"ENSG00000255819",2437.8
"ENSG00000289697",2438.8
"ENSG00000042832",2439.2
"ENSG00000173334",2439.8
"ENSG00000251209",2440
"ENSG00000287989",2440.2
"ENSG00000253619",2440.6
"ENSG00000140450",2441
"ENSG00000232212",2441
"ENSG00000133069",2441
"ENSG00000058668",2441
"ENSG00000131773",2441.2
"ENSG00000253573",2441.2
"ENSG00000170382",2441.2
"ENSG00000163485",2441.6
"ENSG00000131979",2441.8
"ENSG00000188783",2442
"ENSG00000162888",2442
"ENSG00000143839",2442.2
"ENSG00000237074",2442.4
"ENSG00000140443",2443
"ENSG00000009790",2443
"ENSG00000163362",2443.2
"ENSG00000226251",2443.4
"ENSG00000161800",2443.6
"ENSG00000096968",2443.6
"ENSG00000162772",2444
"ENSG00000120217",2444.2
"ENSG00000259363",2444.4
"ENSG00000227591",2444.6
"ENSG00000107338",2444.6
"ENSG00000117707",2444.6
"ENSG00000082512",2445
"ENSG00000245164",2445.2
"ENSG00000225233",2445.4
"ENSG00000140470",2445.4
"ENSG00000287684",2446.2
"ENSG00000196878",2446.4
"ENSG00000082482",2446.6
"ENSG00000227496",2446.6
"ENSG00000117594",2446.8
"ENSG00000226349",2447
"ENSG00000143499",2447.6
"ENSG00000286071",2447.6
"ENSG00000235448",2447.8
"ENSG00000236975",2447.8
"ENSG00000257046",2448
"ENSG00000107249",2448.2
"ENSG00000154237",2448.2
"ENSG00000137124",2448.2
"ENSG00000258561",2448.4
"ENSG00000086619",2448.4
"ENSG00000143502",2448.6
"ENSG00000186197",2448.6
"ENSG00000257062",2448.6
"ENSG00000234476",2448.8
"ENSG00000173208",2448.8
"ENSG00000168243",2448.8
"ENSG00000168275",2449
"ENSG00000131873",2449.2
"ENSG00000234464",2449.2
"ENSG00000155816",2449.4
"ENSG00000280587",2449.4
"ENSG00000203697",2449.6
"ENSG00000143819",2450.2
"ENSG00000253288",2450.2
"ENSG00000287738",2450.2
"ENSG00000286774",2450.6
"ENSG00000155875",2450.8
"ENSG00000289439",2451
"ENSG00000135744",2451.2
"ENSG00000272865",2451.2
"ENSG00000196418",2451.4
"ENSG00000232192",2451.6
"ENSG00000230628",2451.8
"ENSG00000289566",2451.8
"ENSG00000035115",2451.8
"ENSG00000172724",2452.2
"ENSG00000147889",2452.4
"ENSG00000119681",2452.4
"ENSG00000134321",2452.4
"ENSG00000118004",2452.4
"ENSG00000123096",2452.6
"ENSG00000143702",2453.8
"ENSG00000076067",2454
"ENSG00000286427",2454
"ENSG00000155886",2454.2
"ENSG00000255886",2454.6
"ENSG00000214842",2454.6
"ENSG00000163032",2454.8
"ENSG00000147872",2454.8
"ENSG00000231482",2455
"ENSG00000260995",2455.2
"ENSG00000283003",2455.4
"ENSG00000118960",2455.4
"ENSG00000182551",2455.6
"ENSG00000227210",2455.6
"ENSG00000173960",2456.2
"ENSG00000228999",2456.2
"ENSG00000205500",2456.4
"ENSG00000153714",2456.4
"ENSG00000225649",2456.6
"ENSG00000289326",2456.6
"ENSG00000163806",2456.8
"ENSG00000226197",2456.8
"ENSG00000084731",2456.8
"ENSG00000262151",2457
"ENSG00000162949",2457
"ENSG00000288553",2457.2
"ENSG00000213626",2457.2
"ENSG00000165140",2457.8
"ENSG00000100596",2457.8
"ENSG00000228563",2457.8
"ENSG00000234378",2458
"ENSG00000179583",2458
"ENSG00000123358",2458.2
"ENSG00000286415",2458.4
"ENSG00000258637",2458.6
"ENSG00000171889",2458.6
"ENSG00000272027",2458.8
"ENSG00000119782",2459
"ENSG00000095383",2459
"ENSG00000138028",2459.4
"ENSG00000152518",2459.6
"ENSG00000171094",2459.8
"ENSG00000138061",2459.8
"ENSG00000250116",2460.4
"ENSG00000279956",2460.4
"ENSG00000148123",2460.6
"ENSG00000262801",2460.8
"ENSG00000170820",2460.8
"ENSG00000285754",2461
"ENSG00000100626",2461.6
"ENSG00000140022",2461.6
"ENSG00000287316",2461.6
"ENSG00000143947",2461.6
"ENSG00000232973",2461.8
"ENSG00000115355",2461.8
"ENSG00000107282",2462
"ENSG00000231918",2462
"ENSG00000286840",2462.4
"ENSG00000115970",2462.4
"ENSG00000165244",2462.4
"ENSG00000273106",2462.8
"ENSG00000226702",2462.8
"ENSG00000119121",2463.2
"ENSG00000286480",2463.2
"ENSG00000143951",2463.4
"ENSG00000177994",2463.8
"ENSG00000115310",2464
"ENSG00000119865",2464.2
"ENSG00000135048",2464.4
"ENSG00000136872",2464.8
"ENSG00000288932",2464.8
"ENSG00000162924",2465
"ENSG00000228590",2465.2
"ENSG00000232046",2465.4
"ENSG00000005187",2465.6
"ENSG00000231024",2465.8
"ENSG00000288869",2466
"ENSG00000286045",2466.2
"ENSG00000179833",2466.4
"ENSG00000166743",2466.6
"ENSG00000227088",2466.6
"ENSG00000066032",2466.8
"ENSG00000288694",2466.8
"ENSG00000258666",2467
"ENSG00000116005",2467
"ENSG00000115423",2467
"ENSG00000152672",2467.2
"ENSG00000163217",2467.4
"ENSG00000116035",2467.4
"ENSG00000152292",2467.4
"ENSG00000165929",2467.6
"ENSG00000065911",2467.6
"ENSG00000140105",2467.8
"ENSG00000087338",2468
"ENSG00000280721",2468
"ENSG00000233060",2468.2
"ENSG00000204291",2468.2
"ENSG00000121152",2468.4
"ENSG00000186854",2468.4
"ENSG00000236469",2468.6
"ENSG00000152284",2468.6
"ENSG00000288771",2468.6
"ENSG00000115539",2468.8
"ENSG00000153563",2469
"ENSG00000106799",2469
"ENSG00000122254",2469.2
"ENSG00000188886",2469.2
"ENSG00000042493",2469.8
"ENSG00000106927",2470.2
"ENSG00000226791",2470.2
"ENSG00000166501",2470.4
"ENSG00000163121",2470.4
"ENSG00000135940",2470.6
"ENSG00000229314",2470.6
"ENSG00000135679",2470.6
"ENSG00000115616",2470.6
"ENSG00000233757",2470.8
"ENSG00000228278",2471
"ENSG00000290551",2471.2
"ENSG00000224509",2471.4
"ENSG00000170500",2472
"ENSG00000163006",2472
"ENSG00000198203",2472
"ENSG00000285016",2472.4
"ENSG00000115598",2472.6
"ENSG00000180447",2472.8
"ENSG00000107130",2473.2
"ENSG00000234199",2473.2
"ENSG00000240356",2473.6
"ENSG00000080293",2473.8
"ENSG00000225328",2474
"ENSG00000271590",2474
"ENSG00000226856",2474
"ENSG00000135960",2474.2
"ENSG00000140678",2474.4
"ENSG00000237614",2474.4
"ENSG00000136942",2475
"ENSG00000226953",2475
"ENSG00000204434",2475.4
"ENSG00000130222",2475.6
"ENSG00000076003",2476
"ENSG00000171208",2476.6
"ENSG00000169994",2476.8
"ENSG00000167106",2477
"ENSG00000150551",2477.2
"ENSG00000229536",2477.4
"ENSG00000243024",2477.4
"ENSG00000231040",2477.4
"ENSG00000279166",2477.6
"ENSG00000121966",2478
"ENSG00000231079",2478
"ENSG00000067057",2478.2
"ENSG00000115919",2478.6
"ENSG00000148303",2478.6
"ENSG00000183091",2478.8
"ENSG00000231969",2478.8
"ENSG00000286207",2479
"ENSG00000257815",2479.2
"ENSG00000095303",2479.4
"ENSG00000153234",2479.6
"ENSG00000144278",2480
"ENSG00000238057",2480.2
"ENSG00000260850",2481.4
"ENSG00000227482",2481.6
"ENSG00000286234",2482
"ENSG00000223784",2482
"ENSG00000238266",2482.4
"ENSG00000224578",2482.4
"ENSG00000136810",2482.4
"ENSG00000227355",2482.6
"ENSG00000173598",2482.6
"ENSG00000237844",2482.8
"ENSG00000286850",2483
"ENSG00000235335",2483
"ENSG00000130707",2483.2
"ENSG00000270557",2483.4
"ENSG00000136830",2483.8
"ENSG00000259905",2483.8
"ENSG00000103460",2483.8
"ENSG00000236107",2483.8
"ENSG00000204334",2484.2
"ENSG00000106780",2484.4
"ENSG00000228222",2484.6
"ENSG00000259953",2484.8
"ENSG00000066629",2485
"ENSG00000065328",2485.4
"ENSG00000229941",2485.6
"ENSG00000260135",2486
"ENSG00000144320",2486.8
"ENSG00000087253",2487
"ENSG00000231646",2487
"ENSG00000258084",2487.2
"ENSG00000234961",2487.6
"ENSG00000151655",2487.8
"ENSG00000139352",2488
"ENSG00000144331",2488
"ENSG00000246379",2488.4
"ENSG00000188452",2488.6
"ENSG00000162998",2488.8
"ENSG00000115415",2488.8
"ENSG00000258048",2489
"ENSG00000288064",2489
"ENSG00000198610",2489.2
"ENSG00000148175",2489.8
"ENSG00000165309",2490
"ENSG00000231858",2490
"ENSG00000139329",2490
"ENSG00000107537",2490.2
"ENSG00000234156",2490.4
"ENSG00000238217",2491
"ENSG00000211897",2491.4
"ENSG00000270757",2491.4
"ENSG00000248079",2491.6
"ENSG00000138356",2492.2
"ENSG00000168530",2492.2
"ENSG00000107485",2492.4
"ENSG00000182329",2492.4
"ENSG00000163599",2493
"ENSG00000287524",2493.2
"ENSG00000174453",2493.2
"ENSG00000144452",2493.6
"ENSG00000183049",2493.8
"ENSG00000155754",2494.2
"ENSG00000163596",2494.6
"ENSG00000245768",2494.8
"ENSG00000115361",2494.8
"ENSG00000188282",2495.2
"ENSG00000233117",2495.2
"ENSG00000012779",2495.4
"ENSG00000234281",2495.6
"ENSG00000276850",2496.4
"ENSG00000111145",2496.4
"ENSG00000140937",2496.6
