"gene_id","rank"
"ENSG00000142611.17",1
"ENSG00000196581.11",2
"ENSG00000171621.14",3
"ENSG00000171612.7",4
"ENSG00000171608.18",5
"ENSG00000189337.17",6
"ENSG00000175147.13",7
"ENSG00000171729.14",8
"ENSG00000117154.12",9
"ENSG00000280222.1",10
"ENSG00000230424.3",11
"ENSG00000127472.11",12
"ENSG00000142798.20",13
"ENSG00000184454.7",14
"ENSG00000169504.15",15
"ENSG00000020633.19",16
"ENSG00000117643.15",17
"ENSG00000131910.5",18
"ENSG00000142748.14",19
"ENSG00000000938.13",20
"ENSG00000130775.16",21
"ENSG00000227050.1",22
"ENSG00000162511.8",23
"ENSG00000162512.16",24
"ENSG00000119535.19",25
"ENSG00000127124.16",26
"ENSG00000186409.19",27
"ENSG00000066056.14",28
"ENSG00000162415.7",29
"ENSG00000162367.12",30
"ENSG00000186094.18",31
"ENSG00000162383.13",32
"ENSG00000174332.6",33
"ENSG00000162390.18",34
"ENSG00000234810.4",35
"ENSG00000223956.5",36
"ENSG00000162407.9",37
"ENSG00000173406.16",38
"ENSG00000231252.4",39
"ENSG00000132854.19",40
"ENSG00000079739.17",41
"ENSG00000185483.13",42
"ENSG00000158966.16",43
"ENSG00000229294.1",44
"ENSG00000116678.20",45
"ENSG00000184588.18",46
"ENSG00000118473.23",47
"ENSG00000152763.17",48
"ENSG00000232284.9",49
"ENSG00000033122.21",50
"ENSG00000116761.12",51
"ENSG00000050628.21",52
"ENSG00000229956.11",53
"ENSG00000172260.15",54
"ENSG00000162620.16",55
"ENSG00000162623.16",56
"ENSG00000137968.17",57
"ENSG00000184005.11",58
"ENSG00000154027.19",59
"ENSG00000162614.19",60
"ENSG00000122420.10",61
"ENSG00000137959.17",62
"ENSG00000162618.15",63
"ENSG00000117114.21",64
"ENSG00000234953.2",65
"ENSG00000236676.1",66
"ENSG00000230817.6",67
"ENSG00000237076.2",68
"ENSG00000142875.20",69
"ENSG00000203943.9",70
"ENSG00000153898.13",71
"ENSG00000142867.14",72
"ENSG00000153904.21",73
"ENSG00000142871.18",74
"ENSG00000171502.15",75
"ENSG00000285210.1",76
"ENSG00000237505.8",77
"ENSG00000137947.12",78
"ENSG00000117228.11",79
"ENSG00000162669.16",80
"ENSG00000097046.13",81
"ENSG00000069702.11",82
"ENSG00000154511.12",83
"ENSG00000226835.4",84
"ENSG00000117525.14",85
"ENSG00000224081.10",86
"ENSG00000226026.7",87
"ENSG00000224445.3",88
"ENSG00000288826.1",89
"ENSG00000079335.20",90
"ENSG00000162692.12",91
"ENSG00000215869.4",92
"ENSG00000134215.16",93
"ENSG00000085433.17",94
"ENSG00000134243.12",95
"ENSG00000184371.14",96
"ENSG00000116396.15",97
"ENSG00000143119.14",98
"ENSG00000231246.3",99
"ENSG00000143079.15",100
"ENSG00000134242.16",101
"ENSG00000116752.6",102
"ENSG00000134259.6",103
"ENSG00000163393.13",104
"ENSG00000163399.16",105
"ENSG00000092607.15",106
"ENSG00000227712.3",107
"ENSG00000134240.12",108
"ENSG00000265972.6",109
"ENSG00000237188.5",110
"ENSG00000289041.1",111
"ENSG00000143376.14",112
"ENSG00000197747.9",113
"ENSG00000237975.7",114
"ENSG00000163220.11",115
"ENSG00000196154.12",116
"ENSG00000228013.1",117
"ENSG00000143603.19",118
"ENSG00000160789.24",119
"ENSG00000196189.14",120
"ENSG00000073754.6",121
"ENSG00000183853.18",122
"ENSG00000163563.8",123
"ENSG00000163564.15",124
"ENSG00000163565.20",125
"ENSG00000163568.16",126
"ENSG00000228560.1",127
"ENSG00000224943.1",128
"ENSG00000289484.1",129
"ENSG00000132693.12",130
"ENSG00000162739.14",131
"ENSG00000066294.15",132
"ENSG00000122224.18",133
"ENSG00000158859.10",134
"ENSG00000158874.11",135
"ENSG00000158882.15",136
"ENSG00000248485.2",137
"ENSG00000143226.16",138
"ENSG00000273112.1",139
"ENSG00000173110.8",140
"ENSG00000225217.1",141
"ENSG00000118217.7",142
"ENSG00000117143.14",143
"ENSG00000143248.13",144
"ENSG00000185630.20",145
"ENSG00000143179.16",146
"ENSG00000143194.13",147
"ENSG00000198821.12",148
"ENSG00000198771.11",149
"ENSG00000285622.2",150
"ENSG00000117477.13",151
"ENSG00000174175.17",152
"ENSG00000188404.10",153
"ENSG00000007908.16",154
"ENSG00000116132.12",155
"ENSG00000231424.3",156
"ENSG00000117501.15",157
"ENSG00000007933.13",158
"ENSG00000117507.6",159
"ENSG00000094963.14",160
"ENSG00000197959.15",161
"ENSG00000230630.5",162
"ENSG00000135845.10",163
"ENSG00000224228.2",164
"ENSG00000227373.6",165
"ENSG00000236021.4",166
"ENSG00000116183.11",167
"ENSG00000152092.16",168
"ENSG00000224968.4",169
"ENSG00000227579.6",170
"ENSG00000075391.18",171
"ENSG00000162779.22",172
"ENSG00000116260.17",173
"ENSG00000162783.11",174
"ENSG00000228918.5",175
"ENSG00000135821.19",176
"ENSG00000121446.20",177
"ENSG00000143333.7",178
"ENSG00000135838.14",179
"ENSG00000058085.15",180
"ENSG00000116701.16",181
"ENSG00000143344.16",182
"ENSG00000198756.12",183
"ENSG00000116667.15",184
"ENSG00000135842.17",185
"ENSG00000143341.12",186
"ENSG00000116690.13",187
"ENSG00000073756.13",188
"ENSG00000116711.10",189
"ENSG00000230426.5",190
"ENSG00000150681.10",191
"ENSG00000285280.2",192
"ENSG00000090104.12",193
"ENSG00000116741.8",194
"ENSG00000227240.2",195
"ENSG00000162687.19",196
"ENSG00000066279.19",197
"ENSG00000134376.17",198
"ENSG00000081237.21",199
"ENSG00000229989.6",200
"ENSG00000118193.12",201
"ENSG00000134369.16",202
"ENSG00000163435.16",203
"ENSG00000133048.13",204
"ENSG00000159388.6",205
"ENSG00000188783.6",206
"ENSG00000163531.17",207
"ENSG00000286619.1",208
"ENSG00000266028.8",209
"ENSG00000136634.7",210
"ENSG00000196352.18",211
"ENSG00000203710.12",212
"ENSG00000197721.17",213
"ENSG00000174059.17",214
"ENSG00000123689.6",215
"ENSG00000143476.18",216
"ENSG00000229983.1",217
"ENSG00000230461.10",218
"ENSG00000117707.16",219
"ENSG00000283518.1",220
"ENSG00000152104.12",221
"ENSG00000196482.18",222
"ENSG00000092969.12",223
"ENSG00000228063.4",224
"ENSG00000116141.17",225
"ENSG00000238042.5",226
"ENSG00000232679.2",227
"ENSG00000236230.2",228
"ENSG00000154309.9",229
"ENSG00000154380.19",230
"ENSG00000143772.11",231
"ENSG00000143816.8",232
"ENSG00000162946.23",233
"ENSG00000116991.12",234
"ENSG00000135749.19",235
"ENSG00000135750.15",236
"ENSG00000183780.13",237
"ENSG00000086619.15",238
"ENSG00000186197.15",239
"ENSG00000198626.18",240
"ENSG00000133019.12",241
"ENSG00000233355.7",242
"ENSG00000155816.21",243
"ENSG00000180875.5",244
"ENSG00000182901.18",245
"ENSG00000117009.12",246
"ENSG00000162843.18",247
"ENSG00000288723.1",248
"ENSG00000180287.17",249
"ENSG00000162849.16",250
"ENSG00000162711.18",251
"ENSG00000235749.3",252
"ENSG00000172554.12",253
"ENSG00000130508.11",254
"ENSG00000234423.2",255
"ENSG00000151360.10",256
"ENSG00000214866.9",257
"ENSG00000134321.13",258
"ENSG00000151692.15",259
"ENSG00000236790.7",260
"ENSG00000115738.10",261
"ENSG00000143797.12",262
"ENSG00000151693.11",263
"ENSG00000115758.14",264
"ENSG00000224184.7",265
"ENSG00000286427.1",266
"ENSG00000287291.1",267
"ENSG00000197872.11",268
"ENSG00000214842.6",269
"ENSG00000163032.12",270
"ENSG00000170745.12",271
"ENSG00000287881.1",272
"ENSG00000218819.6",273
"ENSG00000233005.2",274
"ENSG00000232451.2",275
"ENSG00000119771.15",276
"ENSG00000173960.14",277
"ENSG00000205500.8",278
"ENSG00000289326.2",279
"ENSG00000163806.16",280
"ENSG00000189350.13",281
"ENSG00000288553.1",282
"ENSG00000233862.8",283
"ENSG00000158089.15",284
"ENSG00000013016.16",285
"ENSG00000158125.10",286
"ENSG00000152689.18",287
"ENSG00000228262.11",288
"ENSG00000226994.9",289
"ENSG00000150938.10",290
"ENSG00000227028.6",291
"ENSG00000183023.19",292
"ENSG00000287255.3",293
"ENSG00000231826.9",294
"ENSG00000152527.14",295
"ENSG00000116016.14",296
"ENSG00000119729.12",297
"ENSG00000250116.2",298
"ENSG00000234690.7",299
"ENSG00000236824.2",300
"ENSG00000282890.1",301
"ENSG00000179915.25",302
"ENSG00000214595.13",303
"ENSG00000115380.20",304
"ENSG00000285755.2",305
"ENSG00000271955.2",306
"ENSG00000119866.22",307
"ENSG00000228541.3",308
"ENSG00000226622.7",309
"ENSG00000169764.16",310
"ENSG00000197329.12",311
"ENSG00000223935.3",312
"ENSG00000204929.13",313
"ENSG00000143995.20",314
"ENSG00000235885.8",315
"ENSG00000236780.7",316
"ENSG00000119865.9",317
"ENSG00000115956.10",318
"ENSG00000163219.12",319
"ENSG00000169604.21",320
"ENSG00000196975.16",321
"ENSG00000059728.11",322
"ENSG00000163235.16",323
"ENSG00000159399.10",324
"ENSG00000115353.11",325
"ENSG00000270571.2",326
"ENSG00000286045.1",327
"ENSG00000176204.14",328
"ENSG00000227088.2",329
"ENSG00000066032.19",330
"ENSG00000115423.19",331
"ENSG00000034510.6",332
"ENSG00000152292.18",333
"ENSG00000115523.17",334
"ENSG00000068615.20",335
"ENSG00000280721.1",336
"ENSG00000163586.10",337
"ENSG00000291127.1",338
"ENSG00000211592.8",339
"ENSG00000232931.6",340
"ENSG00000174501.15",341
"ENSG00000188886.4",342
"ENSG00000158050.5",343
"ENSG00000040933.16",344
"ENSG00000144218.21",345
"ENSG00000196460.14",346
"ENSG00000115590.14",347
"ENSG00000115594.12",348
"ENSG00000115602.17",349
"ENSG00000115604.12",350
"ENSG00000170417.16",351
"ENSG00000115641.19",352
"ENSG00000071051.14",353
"ENSG00000144057.16",354
"ENSG00000198075.10",355
"ENSG00000163006.12",356
"ENSG00000172985.11",357
"ENSG00000285016.1",358
"ENSG00000280878.1",359
"ENSG00000286904.1",360
"ENSG00000144136.11",361
"ENSG00000125538.12",362
"ENSG00000136689.20",363
"ENSG00000175497.17",364
"ENSG00000019169.11",365
"ENSG00000163075.13",366
"ENSG00000144118.14",367
"ENSG00000237614.3",368
"ENSG00000074047.22",369
"ENSG00000115112.8",370
"ENSG00000286481.2",371
"ENSG00000136002.20",372
"ENSG00000204434.6",373
"ENSG00000183840.7",374
"ENSG00000176771.18",375
"ENSG00000144229.13",376
"ENSG00000228043.5",377
"ENSG00000168702.18",378
"ENSG00000075884.14",379
"ENSG00000228655.7",380
"ENSG00000121964.15",381
"ENSG00000169554.23",382
"ENSG00000226674.11",383
"ENSG00000168280.18",384
"ENSG00000150556.17",385
"ENSG00000187123.15",386
"ENSG00000230645.2",387
"ENSG00000115963.14",388
"ENSG00000182389.20",389
"ENSG00000157827.20",390
"ENSG00000286207.1",391
"ENSG00000162989.5",392
"ENSG00000226383.7",393
"ENSG00000153234.16",394
"ENSG00000115165.10",395
"ENSG00000007001.13",396
"ENSG00000153237.18",397
"ENSG00000115183.15",398
"ENSG00000153246.13",399
"ENSG00000224467.1",400
"ENSG00000144290.17",401
"ENSG00000182263.14",402
"ENSG00000082438.18",403
"ENSG00000236283.5",404
"ENSG00000169507.10",405
"ENSG00000153253.20",406
"ENSG00000136531.19",407
"ENSG00000136546.17",408
"ENSG00000172318.6",409
"ENSG00000198648.12",410
"ENSG00000163072.16",411
"ENSG00000071909.19",412
"ENSG00000091409.16",413
"ENSG00000091428.18",414
"ENSG00000115935.19",415
"ENSG00000128656.15",416
"ENSG00000289349.1",417
"ENSG00000224577.4",418
"ENSG00000128655.19",419
"ENSG00000079156.17",420
"ENSG00000155657.29",421
"ENSG00000287149.1",422
"ENSG00000163492.16",423
"ENSG00000234663.7",424
"ENSG00000115232.14",425
"ENSG00000150722.11",426
"ENSG00000115252.19",427
"ENSG00000287621.1",428
"ENSG00000170396.9",429
"ENSG00000286797.1",430
"ENSG00000231646.6",431
"ENSG00000138448.13",432
"ENSG00000144369.14",433
"ENSG00000064989.13",434
"ENSG00000231689.3",435
"ENSG00000144366.17",436
"ENSG00000168542.16",437
"ENSG00000204262.14",438
"ENSG00000115419.13",439
"ENSG00000115415.21",440
"ENSG00000138378.19",441
"ENSG00000173559.15",442
"ENSG00000168497.5",443
"ENSG00000233766.8",444
"ENSG00000144339.12",445
"ENSG00000225539.9",446
"ENSG00000118997.14",447
"ENSG00000081320.11",448
"ENSG00000272211.1",449
"ENSG00000138411.13",450
"ENSG00000197121.15",451
"ENSG00000065413.20",452
"ENSG00000270757.1",453
"ENSG00000162944.11",454
"ENSG00000115896.16",455
"ENSG00000119042.18",456
"ENSG00000138356.14",457
"ENSG00000182329.14",458
"ENSG00000138439.12",459
"ENSG00000178562.18",460
"ENSG00000163600.13",461
"ENSG00000287524.1",462
"ENSG00000118257.17",463
"ENSG00000114948.13",464
"ENSG00000118263.16",465
"ENSG00000234902.6",466
"ENSG00000223725.6",467
"ENSG00000144407.10",468
"ENSG00000078018.22",469
"ENSG00000115361.8",470
"ENSG00000178568.15",471
"ENSG00000273118.1",472
"ENSG00000030419.17",473
"ENSG00000144451.20",474
"ENSG00000197585.10",475
"ENSG00000115414.21",476
"ENSG00000235770.6",477
"ENSG00000115457.10",478
"ENSG00000233143.4",479
"ENSG00000231672.8",480
"ENSG00000291236.1",481
"ENSG00000018280.17",482
"ENSG00000116106.12",483
"ENSG00000163082.10",484
"ENSG00000123983.15",485
"ENSG00000152049.7",486
"ENSG00000135919.14",487
"ENSG00000135905.21",488
"ENSG00000169047.6",489
"ENSG00000081052.14",490
"ENSG00000169031.21",491
"ENSG00000236432.8",492
"ENSG00000232023.3",493
"ENSG00000188042.8",494
"ENSG00000132321.17",495
"ENSG00000144476.6",496
"ENSG00000227252.2",497
"ENSG00000163359.17",498
"ENSG00000134121.10",499
"ENSG00000224957.7",500
"ENSG00000144619.15",501
"ENSG00000091181.20",502
"ENSG00000223727.6",503
"ENSG00000189229.12",504
"ENSG00000196277.16",505
"ENSG00000270207.2",506
"ENSG00000227110.7",507
"ENSG00000071282.12",508
"ENSG00000182533.7",509
"ENSG00000196220.17",510
"ENSG00000132164.10",511
"ENSG00000196639.7",512
"ENSG00000132170.24",513
"ENSG00000180438.15",514
"ENSG00000131389.18",515
"ENSG00000154783.12",516
"ENSG00000131370.16",517
"ENSG00000287042.3",518
"ENSG00000131386.20",519
"ENSG00000131378.14",520
"ENSG00000183960.9",521
"ENSG00000287069.1",522
"ENSG00000231304.2",523
"ENSG00000282987.1",524
"ENSG00000151789.13",525
"ENSG00000077092.20",526
"ENSG00000179796.13",527
"ENSG00000163491.17",528
"ENSG00000033867.17",529
"ENSG00000144642.22",530
"ENSG00000203506.5",531
"ENSG00000144645.16",532
"ENSG00000153551.14",533
"ENSG00000173705.9",534
"ENSG00000172995.17",535
"ENSG00000144681.11",536
"ENSG00000144668.12",537
"ENSG00000168356.13",538
"ENSG00000168329.14",539
"ENSG00000170011.14",540
"ENSG00000168038.11",541
"ENSG00000114812.13",542
"ENSG00000223552.3",543
"ENSG00000160801.14",544
"ENSG00000088538.13",545
"ENSG00000164086.10",546
"ENSG00000010327.10",547
"ENSG00000187672.15",548
"ENSG00000163947.12",549
"ENSG00000144730.19",550
"ENSG00000163687.14",551
"ENSG00000168309.18",552
"ENSG00000163637.13",553
"ENSG00000163638.13",554
"ENSG00000241158.7",555
"ENSG00000241684.8",556
"ENSG00000144749.14",557
"ENSG00000241316.8",558
"ENSG00000183662.12",559
"ENSG00000187098.18",560
"ENSG00000285708.1",561
"ENSG00000121440.15",562
"ENSG00000242741.2",563
"ENSG00000185008.19",564
"ENSG00000169855.21",565
"ENSG00000286329.2",566
"ENSG00000243694.5",567
"ENSG00000114480.13",568
"ENSG00000242009.2",569
"ENSG00000175161.14",570
"ENSG00000281392.3",571
"ENSG00000179097.7",572
"ENSG00000044524.11",573
"ENSG00000080224.18",574
"ENSG00000080200.10",575
"ENSG00000279658.1",576
"ENSG00000239462.2",577
"ENSG00000144810.16",578
"ENSG00000184220.12",579
"ENSG00000168386.19",580
"ENSG00000287378.1",581
"ENSG00000181458.10",582
"ENSG00000144820.8",583
"ENSG00000154175.18",584
"ENSG00000144815.18",585
"ENSG00000170044.9",586
"ENSG00000241754.2",587
"ENSG00000170017.12",588
"ENSG00000242759.10",589
"ENSG00000243701.8",590
"ENSG00000239828.9",591
"ENSG00000163519.14",592
"ENSG00000114487.10",593
"ENSG00000241224.8",594
"ENSG00000289358.1",595
"ENSG00000228980.4",596
"ENSG00000242029.1",597
"ENSG00000153283.13",598
"ENSG00000091972.18",599
"ENSG00000163606.11",600
"ENSG00000240057.8",601
"ENSG00000144857.15",602
"ENSG00000072858.11",603
"ENSG00000241490.1",604
"ENSG00000289153.2",605
"ENSG00000185565.12",606
"ENSG00000239268.5",607
"ENSG00000144847.13",608
"ENSG00000031081.11",609
"ENSG00000163430.12",610
"ENSG00000145087.13",611
"ENSG00000051341.15",612
"ENSG00000180353.11",613
"ENSG00000114013.16",614
"ENSG00000036828.17",615
"ENSG00000082684.16",616
"ENSG00000173175.16",617
"ENSG00000160145.16",618
"ENSG00000173706.15",619
"ENSG00000144908.14",620
"ENSG00000074416.16",621
"ENSG00000114654.8",622
"ENSG00000206417.8",623
"ENSG00000004399.13",624
"ENSG00000271270.8",625
"ENSG00000196353.13",626
"ENSG00000014257.17",627
"ENSG00000248724.6",628
"ENSG00000144868.14",629
"ENSG00000244062.1",630
"ENSG00000174640.15",631
"ENSG00000288700.2",632
"ENSG00000158258.16",633
"ENSG00000069849.11",634
"ENSG00000120756.13",635
"ENSG00000163710.9",636
"ENSG00000181804.15",637
"ENSG00000181744.9",638
"ENSG00000289986.1",639
"ENSG00000152952.13",640
"ENSG00000243415.2",641
"ENSG00000114698.15",642
"ENSG00000243620.2",643
"ENSG00000152977.10",644
"ENSG00000285557.1",645
"ENSG00000144891.19",646
"ENSG00000047457.14",647
"ENSG00000169908.12",648
"ENSG00000169903.7",649
"ENSG00000018408.15",650
"ENSG00000289524.2",651
"ENSG00000196428.13",652
"ENSG00000163645.15",653
"ENSG00000244265.2",654
"ENSG00000144893.13",655
"ENSG00000174946.7",656
"ENSG00000174944.9",657
"ENSG00000229619.6",658
"ENSG00000238755.3",659
"ENSG00000243069.9",660
"ENSG00000196549.13",661
"ENSG00000114805.18",662
"ENSG00000163659.13",663
"ENSG00000197980.14",664
"ENSG00000197415.12",665
"ENSG00000178053.21",666
"ENSG00000118855.21",667
"ENSG00000283154.3",668
"ENSG00000286913.1",669
"ENSG00000163590.14",670
"ENSG00000289884.1",671
"ENSG00000244128.9",672
"ENSG00000114200.10",673
"ENSG00000206120.11",674
"ENSG00000085276.19",675
"ENSG00000163581.14",676
"ENSG00000186329.9",677
"ENSG00000121858.11",678
"ENSG00000223387.6",679
"ENSG00000144959.11",680
"ENSG00000169760.18",681
"ENSG00000223715.3",682
"ENSG00000231574.7",683
"ENSG00000237978.6",684
"ENSG00000172667.11",685
"ENSG00000114450.11",686
"ENSG00000242808.12",687
"ENSG00000053524.13",688
"ENSG00000176597.12",689
"ENSG00000172578.12",690
"ENSG00000187068.3",691
"ENSG00000073792.16",692
"ENSG00000244405.8",693
"ENSG00000058866.15",694
"ENSG00000113905.5",695
"ENSG00000073849.16",696
"ENSG00000163923.10",697
"ENSG00000188001.10",698
"ENSG00000073282.14",699
"ENSG00000090530.10",700
"ENSG00000163347.6",701
"ENSG00000113946.4",702
"ENSG00000228730.2",703
"ENSG00000114279.15",704
"ENSG00000180611.7",705
"ENSG00000127249.15",706
"ENSG00000114315.4",707
"ENSG00000133657.17",708
"ENSG00000145014.18",709
"ENSG00000185621.11",710
"ENSG00000291192.1",711
"ENSG00000251652.1",712
"ENSG00000013810.21",713
"ENSG00000247708.8",714
"ENSG00000152953.13",715
"ENSG00000163995.21",716
"ENSG00000125089.18",717
"ENSG00000109667.12",718
"ENSG00000287154.1",719
"ENSG00000002587.10",720
"ENSG00000249631.7",721
"ENSG00000250634.6",722
"ENSG00000249988.1",723
"ENSG00000248360.7",724
"ENSG00000249252.5",725
"ENSG00000004468.13",726
"ENSG00000169744.13",727
"ENSG00000249998.1",728
"ENSG00000286046.1",729
"ENSG00000248515.2",730
"ENSG00000145147.20",731
"ENSG00000185774.16",732
"ENSG00000249948.7",733
"ENSG00000248837.7",734
"ENSG00000250137.1",735
"ENSG00000109819.9",736
"ENSG00000091490.11",737
"ENSG00000250317.9",738
"ENSG00000169851.16",739
"ENSG00000251129.3",740
"ENSG00000250954.6",741
"ENSG00000250723.7",742
"ENSG00000248685.6",743
"ENSG00000197057.10",744
"ENSG00000174145.8",745
"ENSG00000169299.14",746
"ENSG00000121895.8",747
"ENSG00000109790.18",748
"ENSG00000134962.7",749
"ENSG00000109814.12",750
"ENSG00000168421.14",751
"ENSG00000064042.18",752
"ENSG00000285454.1",753
"ENSG00000124406.17",754
"ENSG00000074966.11",755
"ENSG00000134853.12",756
"ENSG00000128052.10",757
"ENSG00000249700.9",758
"ENSG00000134851.13",759
"ENSG00000109265.15",760
"ENSG00000128059.8",761
"ENSG00000163453.11",762
"ENSG00000250333.2",763
"ENSG00000150471.17",764
"ENSG00000035720.8",765
"ENSG00000248049.8",766
"ENSG00000156096.14",767
"ENSG00000284695.1",768
"ENSG00000145321.13",769
"ENSG00000156140.10",770
"ENSG00000169429.12",771
"ENSG00000163739.5",772
"ENSG00000163734.4",773
"ENSG00000081041.9",774
"ENSG00000163738.19",775
"ENSG00000109321.11",776
"ENSG00000169116.11",777
"ENSG00000249036.1",778
"ENSG00000138767.14",779
"ENSG00000169288.18",780
"ENSG00000138759.20",781
"ENSG00000138772.13",782
"ENSG00000249307.8",783
"ENSG00000197826.12",784
"ENSG00000138670.19",785
"ENSG00000145284.12",786
"ENSG00000286035.1",787
"ENSG00000145287.11",788
"ENSG00000138678.11",789
"ENSG00000138639.18",790
"ENSG00000109339.24",791
"ENSG00000250062.5",792
"ENSG00000163629.13",793
"ENSG00000145283.8",794
"ENSG00000170502.13",795
"ENSG00000152583.13",796
"ENSG00000118785.15",797
"ENSG00000185477.5",798
"ENSG00000251095.8",799
"ENSG00000145335.17",800
"ENSG00000138722.10",801
"ENSG00000184305.16",802
"ENSG00000163106.11",803
"ENSG00000138696.11",804
"ENSG00000182168.15",805
"ENSG00000248510.2",806
"ENSG00000168785.8",807
"ENSG00000246090.9",808
"ENSG00000198099.10",809
"ENSG00000187758.8",810
"ENSG00000196344.12",811
"ENSG00000070190.13",812
"ENSG00000164035.10",813
"ENSG00000286150.1",814
"ENSG00000153064.12",815
"ENSG00000109320.14",816
"ENSG00000168772.12",817
"ENSG00000245384.2",818
"ENSG00000248242.1",819
"ENSG00000168743.13",820
"ENSG00000249635.1",821
"ENSG00000155011.9",822
"ENSG00000164023.15",823
"ENSG00000138795.10",824
"ENSG00000164089.9",825
"ENSG00000188517.17",826
"ENSG00000170522.10",827
"ENSG00000138792.10",828
"ENSG00000174749.6",829
"ENSG00000145362.21",830
"ENSG00000180801.14",831
"ENSG00000288921.1",832
"ENSG00000164100.9",833
"ENSG00000172403.11",834
"ENSG00000172399.6",835
"ENSG00000250938.8",836
"ENSG00000138738.11",837
"ENSG00000050730.16",838
"ENSG00000138741.11",839
"ENSG00000287692.1",840
"ENSG00000138685.17",841
"ENSG00000164056.11",842
"ENSG00000249464.8",843
"ENSG00000250149.2",844
"ENSG00000286251.2",845
"ENSG00000164070.12",846
"ENSG00000251432.8",847
"ENSG00000151466.12",848
"ENSG00000151470.13",849
"ENSG00000251598.2",850
"ENSG00000251388.1",851
"ENSG00000251199.6",852
"ENSG00000189184.12",853
"ENSG00000151012.13",854
"ENSG00000250195.1",855
"ENSG00000261268.2",856
"ENSG00000170153.11",857
"ENSG00000248810.4",858
"ENSG00000164136.17",859
"ENSG00000109452.13",860
"ENSG00000249806.1",861
"ENSG00000250326.2",862
"ENSG00000251600.8",863
"ENSG00000285783.1",864
"ENSG00000164161.10",865
"ENSG00000289314.1",866
"ENSG00000151617.17",867
"ENSG00000071205.12",868
"ENSG00000287292.1",869
"ENSG00000234828.9",870
"ENSG00000170390.16",871
"ENSG00000164142.16",872
"ENSG00000288637.1",873
"ENSG00000290441.1",874
"ENSG00000137462.9",875
"ENSG00000171564.12",876
"ENSG00000171557.17",877
"ENSG00000121207.12",878
"ENSG00000251244.3",879
"ENSG00000164116.17",880
"ENSG00000286133.2",881
"ENSG00000286862.1",882
"ENSG00000287226.1",883
"ENSG00000248429.5",884
"ENSG00000164124.11",885
"ENSG00000171509.16",886
"ENSG00000168843.14",887
"ENSG00000145416.14",888
"ENSG00000052802.13",889
"ENSG00000109472.14",890
"ENSG00000038295.8",891
"ENSG00000196104.11",892
"ENSG00000129116.20",893
"ENSG00000248319.4",894
"ENSG00000250266.3",895
"ENSG00000174473.16",896
"ENSG00000109586.12",897
"ENSG00000164107.9",898
"ENSG00000237125.13",899
"ENSG00000248174.8",900
"ENSG00000164120.14",901
"ENSG00000150625.17",902
"ENSG00000150630.4",903
"ENSG00000287544.1",904
"ENSG00000250131.2",905
"ENSG00000218336.9",906
"ENSG00000173320.12",907
"ENSG00000151725.12",908
"ENSG00000289197.2",909
"ENSG00000186352.9",910
"ENSG00000205129.9",911
"ENSG00000154553.17",912
"ENSG00000083857.15",913
"ENSG00000174358.16",914
"ENSG00000145545.12",915
"ENSG00000248677.2",916
"ENSG00000251365.6",917
"ENSG00000112902.12",918
"ENSG00000164236.12",919
"ENSG00000169862.21",920
"ENSG00000248457.1",921
"ENSG00000183580.10",922
"ENSG00000145555.15",923
"ENSG00000176788.9",924
"ENSG00000248693.1",925
"ENSG00000286751.1",926
"ENSG00000291102.1",927
"ENSG00000248874.5",928
"ENSG00000245662.4",929
"ENSG00000286625.1",930
"ENSG00000250337.9",931
"ENSG00000254138.1",932
"ENSG00000113361.13",933
"ENSG00000113389.16",934
"ENSG00000251443.3",935
"ENSG00000151388.11",936
"ENSG00000168685.15",937
"ENSG00000164188.9",938
"ENSG00000079215.15",939
"ENSG00000274441.1",940
"ENSG00000248587.8",941
"ENSG00000164318.18",942
"ENSG00000113594.10",943
"ENSG00000244968.7",944
"ENSG00000145623.13",945
"ENSG00000082074.19",946
"ENSG00000153071.15",947
"ENSG00000112936.20",948
"ENSG00000171495.17",949
"ENSG00000182836.10",950
"ENSG00000083720.13",951
"ENSG00000112964.14",952
"ENSG00000250722.6",953
"ENSG00000286271.3",954
"ENSG00000112972.15",955
"ENSG00000188850.9",956
"ENSG00000251141.6",957
"ENSG00000164588.8",958
"ENSG00000170571.12",959
"ENSG00000151883.19",960
"ENSG00000248898.4",961
"ENSG00000164171.11",962
"ENSG00000134363.12",963
"ENSG00000185305.12",964
"ENSG00000067113.17",965
"ENSG00000164512.18",966
"ENSG00000287709.3",967
"ENSG00000152932.8",968
"ENSG00000113448.20",969
"ENSG00000035499.13",970
"ENSG00000164181.14",971
"ENSG00000164182.12",972
"ENSG00000236068.2",973
"ENSG00000186479.5",974
"ENSG00000049192.15",975
"ENSG00000123219.13",976
"ENSG00000123213.23",977
"ENSG00000251391.5",978
"ENSG00000286062.2",979
"ENSG00000249364.7",980
"ENSG00000250421.5",981
"ENSG00000145675.16",982
"ENSG00000250237.3",983
"ENSG00000249335.5",984
"ENSG00000131711.15",985
"ENSG00000178175.12",986
"ENSG00000249085.1",987
"ENSG00000214944.10",988
"ENSG00000198780.13",989
"ENSG00000249856.1",990
"ENSG00000181104.7",991
"ENSG00000171643.14",992
"ENSG00000145708.11",993
"ENSG00000145685.14",994
"ENSG00000113273.17",995
"ENSG00000152413.15",996
"ENSG00000113319.13",997
"ENSG00000247572.9",998
"ENSG00000145687.17",999
"ENSG00000152348.16",1000
"ENSG00000152422.16",1001
"ENSG00000038427.16",1002
"ENSG00000249835.2",1003
"ENSG00000164176.13",1004
"ENSG00000285190.1",1005
"ENSG00000287862.1",1006
"ENSG00000081189.16",1007
"ENSG00000248309.9",1008
"ENSG00000164199.18",1009
"ENSG00000248323.8",1010
"ENSG00000113369.9",1011
"ENSG00000286121.1",1012
"ENSG00000250049.7",1013
"ENSG00000249776.5",1014
"ENSG00000237187.9",1015
"ENSG00000175745.15",1016
"ENSG00000286577.1",1017
"ENSG00000185261.16",1018
"ENSG00000133302.13",1019
"ENSG00000175471.20",1020
"ENSG00000145757.16",1021
"ENSG00000236882.9",1022
"ENSG00000250362.1",1023
"ENSG00000118985.16",1024
"ENSG00000251314.2",1025
"ENSG00000251513.2",1026
"ENSG00000250331.2",1027
"ENSG00000286953.1",1028
"ENSG00000248202.2",1029
"ENSG00000174136.13",1030
"ENSG00000247877.8",1031
"ENSG00000113532.13",1032
"ENSG00000145730.21",1033
"ENSG00000251574.8",1034
"ENSG00000184349.14",1035
"ENSG00000186952.15",1036
"ENSG00000152495.11",1037
"ENSG00000129595.14",1038
"ENSG00000171444.19",1039
"ENSG00000232633.4",1040
"ENSG00000080709.16",1041
"ENSG00000164221.13",1042
"ENSG00000145780.8",1043
"ENSG00000092421.17",1044
"ENSG00000248445.5",1045
"ENSG00000249167.2",1046
"ENSG00000248663.7",1047
"ENSG00000249797.2",1048
"ENSG00000250891.3",1049
"ENSG00000145779.8",1050
"ENSG00000184838.15",1051
"ENSG00000113083.15",1052
"ENSG00000064692.20",1053
"ENSG00000250328.7",1054
"ENSG00000064652.11",1055
"ENSG00000061455.11",1056
"ENSG00000168944.17",1057
"ENSG00000253807.6",1058
"ENSG00000248752.3",1059
"ENSG00000173926.6",1060
"ENSG00000245937.10",1061
"ENSG00000064651.14",1062
"ENSG00000138829.13",1063
"ENSG00000113396.13",1064
"ENSG00000145808.10",1065
"ENSG00000198108.4",1066
"ENSG00000250994.3",1067
"ENSG00000145832.16",1068
"ENSG00000152377.14",1069
"ENSG00000226306.8",1070
"ENSG00000246323.2",1071
"ENSG00000170464.10",1072
"ENSG00000158458.21",1073
"ENSG00000113070.8",1074
"ENSG00000170458.15",1075
"ENSG00000202515.1",1076
"ENSG00000187678.10",1077
"ENSG00000113578.18",1078
"ENSG00000145819.18",1079
"ENSG00000226272.5",1080
"ENSG00000183775.11",1081
"ENSG00000250842.1",1082
"ENSG00000186314.12",1083
"ENSG00000156463.18",1084
"ENSG00000156475.19",1085
"ENSG00000113657.13",1086
"ENSG00000280780.4",1087
"ENSG00000247199.6",1088
"ENSG00000164270.18",1089
"ENSG00000250072.8",1090
"ENSG00000157510.14",1091
"ENSG00000249669.12",1092
"ENSG00000182578.14",1093
"ENSG00000019582.17",1094
"ENSG00000113140.11",1095
"ENSG00000254226.6",1096
"ENSG00000286749.1",1097
"ENSG00000170624.14",1098
"ENSG00000145850.9",1099
"ENSG00000113263.14",1100
"ENSG00000253980.1",1101
"ENSG00000055163.21",1102
"ENSG00000285868.1",1103
"ENSG00000164330.17",1104
"ENSG00000249738.10",1105
"ENSG00000254186.3",1106
"ENSG00000072571.20",1107
"ENSG00000145934.17",1108
"ENSG00000184347.15",1109
"ENSG00000134516.20",1110
"ENSG00000204767.4",1111
"ENSG00000043462.13",1112
"ENSG00000182132.14",1113
"ENSG00000094755.17",1114
"ENSG00000204764.14",1115
"ENSG00000072786.13",1116
"ENSG00000287814.1",1117
"ENSG00000214357.9",1118
"ENSG00000253736.5",1119
"ENSG00000287003.1",1120
"ENSG00000185056.10",1121
"ENSG00000113749.8",1122
"ENSG00000170085.18",1123
"ENSG00000175414.7",1124
"ENSG00000050767.18",1125
"ENSG00000087116.17",1126
"ENSG00000213316.10",1127
"ENSG00000131459.13",1128
"ENSG00000037280.16",1129
"ENSG00000113303.12",1130
"ENSG00000165810.17",1131
"ENSG00000137265.16",1132
"ENSG00000286785.1",1133
"ENSG00000289842.1",1134
"ENSG00000054598.9",1135
"ENSG00000021355.13",1136
"ENSG00000170542.6",1137
"ENSG00000124491.16",1138
"ENSG00000153162.9",1139
"ENSG00000259040.5",1140
"ENSG00000285219.4",1141
"ENSG00000153157.13",1142
"ENSG00000197977.4",1143
"ENSG00000230314.7",1144
"ENSG00000247925.2",1145
"ENSG00000111859.17",1146
"ENSG00000111863.13",1147
"ENSG00000078401.7",1148
"ENSG00000112137.19",1149
"ENSG00000145990.11",1150
"ENSG00000112149.10",1151
"ENSG00000007944.15",1152
"ENSG00000137198.10",1153
"ENSG00000137393.10",1154
"ENSG00000283408.2",1155
"ENSG00000124766.7",1156
"ENSG00000272168.10",1157
"ENSG00000233358.2",1158
"ENSG00000289368.2",1159
"ENSG00000146038.12",1160
"ENSG00000111913.20",1161
"ENSG00000168405.18",1162
"ENSG00000285801.1",1163
"ENSG00000079691.19",1164
"ENSG00000204592.9",1165
"ENSG00000137331.12",1166
"ENSG00000204301.6",1167
"ENSG00000204287.14",1168
"ENSG00000196735.13",1169
"ENSG00000179344.17",1170
"ENSG00000242574.9",1171
"ENSG00000231389.8",1172
"ENSG00000223865.11",1173
"ENSG00000064999.16",1174
"ENSG00000112079.9",1175
"ENSG00000124772.12",1176
"ENSG00000146192.15",1177
"ENSG00000204110.7",1178
"ENSG00000164626.9",1179
"ENSG00000164627.18",1180
"ENSG00000146122.17",1181
"ENSG00000290034.1",1182
"ENSG00000124731.13",1183
"ENSG00000112576.13",1184
"ENSG00000124496.13",1185
"ENSG00000283573.1",1186
"ENSG00000196284.17",1187
"ENSG00000124813.23",1188
"ENSG00000172348.16",1189
"ENSG00000146070.17",1190
"ENSG00000069122.19",1191
"ENSG00000146072.6",1192
"ENSG00000244694.8",1193
"ENSG00000170927.15",1194
"ENSG00000291006.1",1195
"ENSG00000202198.1",1196
"ENSG00000012660.14",1197
"ENSG00000001084.13",1198
"ENSG00000235899.4",1199
"ENSG00000227885.4",1200
"ENSG00000137269.15",1201
"ENSG00000146147.15",1202
"ENSG00000168143.9",1203
"ENSG00000146151.14",1204
"ENSG00000112175.8",1205
"ENSG00000124749.17",1206
"ENSG00000225096.3",1207
"ENSG00000112232.10",1208
"ENSG00000135298.15",1209
"ENSG00000082293.13",1210
"ENSG00000079841.20",1211
"ENSG00000185760.18",1212
"ENSG00000164430.17",1213
"ENSG00000156535.15",1214
"ENSG00000223786.1",1215
"ENSG00000111799.22",1216
"ENSG00000118407.15",1217
"ENSG00000237174.7",1218
"ENSG00000271945.3",1219
"ENSG00000269964.4",1220
"ENSG00000231533.2",1221
"ENSG00000226453.4",1222
"ENSG00000118420.17",1223
"ENSG00000065833.9",1224
"ENSG00000234426.3",1225
"ENSG00000135299.17",1226
"ENSG00000112182.16",1227
"ENSG00000135333.15",1228
"ENSG00000233797.4",1229
"ENSG00000186231.17",1230
"ENSG00000146263.12",1231
"ENSG00000271860.9",1232
"ENSG00000112246.10",1233
"ENSG00000164418.22",1234
"ENSG00000284999.1",1235
"ENSG00000057657.17",1236
"ENSG00000112297.18",1237
"ENSG00000130347.13",1238
"ENSG00000112320.12",1239
"ENSG00000146285.14",1240
"ENSG00000118689.15",1241
"ENSG00000203799.14",1242
"ENSG00000155085.16",1243
"ENSG00000112394.18",1244
"ENSG00000010810.17",1245
"ENSG00000112769.20",1246
"ENSG00000288560.1",1247
"ENSG00000228624.8",1248
"ENSG00000287100.3",1249
"ENSG00000286540.1",1250
"ENSG00000146350.14",1251
"ENSG00000152661.9",1252
"ENSG00000135549.16",1253
"ENSG00000188580.15",1254
"ENSG00000236548.3",1255
"ENSG00000146373.17",1256
"ENSG00000226409.3",1257
"ENSG00000237742.8",1258
"ENSG00000286215.1",1259
"ENSG00000146374.14",1260
"ENSG00000196569.14",1261
"ENSG00000226149.6",1262
"ENSG00000146376.11",1263
"ENSG00000164483.17",1264
"ENSG00000164484.12",1265
"ENSG00000079819.20",1266
"ENSG00000118507.18",1267
"ENSG00000154269.15",1268
"ENSG00000228495.3",1269
"ENSG00000118523.6",1270
"ENSG00000079931.15",1271
"ENSG00000112299.8",1272
"ENSG00000093134.17",1273
"ENSG00000227954.7",1274
"ENSG00000118515.12",1275
"ENSG00000236700.8",1276
"ENSG00000231971.6",1277
"ENSG00000232310.10",1278
"ENSG00000171408.14",1279
"ENSG00000286313.2",1280
"ENSG00000237596.7",1281
"ENSG00000197442.11",1282
"ENSG00000016402.14",1283
"ENSG00000118503.17",1284
"ENSG00000112406.5",1285
"ENSG00000226571.2",1286
"ENSG00000234147.4",1287
"ENSG00000229017.7",1288
"ENSG00000118495.21",1289
"ENSG00000135604.11",1290
"ENSG00000233452.9",1291
"ENSG00000203727.4",1292
"ENSG00000227681.5",1293
"ENSG00000111961.19",1294
"ENSG00000111962.8",1295
"ENSG00000289045.1",1296
"ENSG00000009765.15",1297
"ENSG00000120278.17",1298
"ENSG00000120254.16",1299
"ENSG00000131016.17",1300
"ENSG00000091831.25",1301
"ENSG00000120279.7",1302
"ENSG00000146469.13",1303
"ENSG00000112038.18",1304
"ENSG00000287092.1",1305
"ENSG00000164674.17",1306
"ENSG00000092820.19",1307
"ENSG00000291237.1",1308
"ENSG00000146453.13",1309
"ENSG00000146477.6",1310
"ENSG00000026652.15",1311
"ENSG00000185345.24",1312
"ENSG00000112530.12",1313
"ENSG00000225437.6",1314
"ENSG00000112541.19",1315
"ENSG00000071242.12",1316
"ENSG00000285212.2",1317
"ENSG00000112562.20",1318
"ENSG00000178381.12",1319
"ENSG00000106003.14",1320
"ENSG00000198286.11",1321
"ENSG00000146555.20",1322
"ENSG00000008256.16",1323
"ENSG00000215018.10",1324
"ENSG00000106415.13",1325
"ENSG00000003147.19",1326
"ENSG00000235431.2",1327
"ENSG00000286639.2",1328
"ENSG00000283117.1",1329
"ENSG00000005108.17",1330
"ENSG00000229618.3",1331
"ENSG00000136267.14",1332
"ENSG00000106511.6",1333
"ENSG00000286376.1",1334
"ENSG00000136261.16",1335
"ENSG00000106537.8",1336
"ENSG00000106541.12",1337
"ENSG00000106546.14",1338
"ENSG00000236039.3",1339
"ENSG00000048052.24",1340
"ENSG00000243004.7",1341
"ENSG00000183742.13",1342
"ENSG00000105855.10",1343
"ENSG00000105866.15",1344
"ENSG00000136237.19",1345
"ENSG00000136235.17",1346
"ENSG00000196335.13",1347
"ENSG00000070882.13",1348
"ENSG00000050344.9",1349
"ENSG00000086300.17",1350
"ENSG00000214870.11",1351
"ENSG00000005020.13",1352
"ENSG00000253552.8",1353
"ENSG00000106052.14",1354
"ENSG00000146592.17",1355
"ENSG00000106066.15",1356
"ENSG00000240583.14",1357
"ENSG00000164619.10",1358
"ENSG00000287249.1",1359
"ENSG00000164532.11",1360
"ENSG00000122547.11",1361
"ENSG00000237400.1",1362
"ENSG00000136250.12",1363
"ENSG00000227191.8",1364
"ENSG00000281103.4",1365
"ENSG00000106536.21",1366
"ENSG00000122679.8",1367
"ENSG00000146674.16",1368
"ENSG00000158683.10",1369
"ENSG00000164744.14",1370
"ENSG00000183696.14",1371
"ENSG00000179869.15",1372
"ENSG00000185811.21",1373
"ENSG00000288798.2",1374
"ENSG00000205628.5",1375
"ENSG00000152926.16",1376
"ENSG00000158321.19",1377
"ENSG00000183166.11",1378
"ENSG00000071462.12",1379
"ENSG00000165171.11",1380
"ENSG00000086730.17",1381
"ENSG00000224273.2",1382
"ENSG00000127951.8",1383
"ENSG00000187391.22",1384
"ENSG00000127955.17",1385
"ENSG00000234223.2",1386
"ENSG00000135218.19",1387
"ENSG00000075223.14",1388
"ENSG00000019991.18",1389
"ENSG00000153956.17",1390
"ENSG00000186472.20",1391
"ENSG00000170381.15",1392
"ENSG00000075213.11",1393
"ENSG00000153993.14",1394
"ENSG00000198822.11",1395
"ENSG00000164659.15",1396
"ENSG00000005471.19",1397
"ENSG00000085563.15",1398
"ENSG00000105784.16",1399
"ENSG00000008277.15",1400
"ENSG00000228113.7",1401
"ENSG00000127954.13",1402
"ENSG00000227646.7",1403
"ENSG00000243144.7",1404
"ENSG00000235450.1",1405
"ENSG00000127989.14",1406
"ENSG00000127928.13",1407
"ENSG00000105825.14",1408
"ENSG00000127920.6",1409
"ENSG00000285090.1",1410
"ENSG00000164692.19",1411
"ENSG00000158528.12",1412
"ENSG00000005981.13",1413
"ENSG00000004799.8",1414
"ENSG00000158560.14",1415
"ENSG00000282301.4",1416
"ENSG00000160870.15",1417
"ENSG00000160868.16",1418
"ENSG00000021461.18",1419
"ENSG00000291122.1",1420
"ENSG00000184414.2",1421
"ENSG00000106366.9",1422
"ENSG00000170615.15",1423
"ENSG00000234715.2",1424
"ENSG00000189056.15",1425
"ENSG00000225329.3",1426
"ENSG00000105835.13",1427
"ENSG00000286076.2",1428
"ENSG00000105851.11",1429
"ENSG00000005249.13",1430
"ENSG00000243193.4",1431
"ENSG00000091136.15",1432
"ENSG00000091129.22",1433
"ENSG00000226965.2",1434
"ENSG00000128573.28",1435
"ENSG00000135272.13",1436
"ENSG00000105967.16",1437
"ENSG00000135269.18",1438
"ENSG00000237813.4",1439
"ENSG00000105974.13",1440
"ENSG00000231210.3",1441
"ENSG00000105976.16",1442
"ENSG00000105989.10",1443
"ENSG00000001626.18",1444
"ENSG00000083622.8",1445
"ENSG00000077063.11",1446
"ENSG00000225546.6",1447
"ENSG00000184408.10",1448
"ENSG00000106278.12",1449
"ENSG00000008311.16",1450
"ENSG00000224897.9",1451
"ENSG00000179603.18",1452
"ENSG00000128567.17",1453
"ENSG00000221866.10",1454
"ENSG00000085662.14",1455
"ENSG00000230649.3",1456
"ENSG00000232053.7",1457
"ENSG00000181072.12",1458
"ENSG00000105894.13",1459
"ENSG00000182158.16",1460
"ENSG00000122787.15",1461
"ENSG00000122778.10",1462
"ENSG00000105939.14",1463
"ENSG00000059377.18",1464
"ENSG00000146966.13",1465
"ENSG00000261115.7",1466
"ENSG00000257335.8",1467
"ENSG00000258227.7",1468
"ENSG00000211772.11",1469
"ENSG00000196511.15",1470
"ENSG00000174469.23",1471
"ENSG00000171115.4",1472
"ENSG00000196329.12",1473
"ENSG00000253958.2",1474
"ENSG00000171056.8",1475
"ENSG00000185053.14",1476
"ENSG00000104723.21",1477
"ENSG00000038945.15",1478
"ENSG00000253496.3",1479
"ENSG00000003989.18",1480
"ENSG00000104760.17",1481
"ENSG00000253557.6",1482
"ENSG00000147408.16",1483
"ENSG00000061337.15",1484
"ENSG00000168546.11",1485
"ENSG00000179388.9",1486
"ENSG00000134013.16",1487
"ENSG00000253837.1",1488
"ENSG00000159167.12",1489
"ENSG00000042980.14",1490
"ENSG00000253535.5",1491
"ENSG00000092964.18",1492
"ENSG00000168079.17",1493
"ENSG00000253690.1",1494
"ENSG00000104290.11",1495
"ENSG00000120875.9",1496
"ENSG00000177669.4",1497
"ENSG00000157168.20",1498
"ENSG00000133874.2",1499
"ENSG00000077782.23",1500
"ENSG00000147526.20",1501
"ENSG00000253939.1",1502
"ENSG00000188676.15",1503
"ENSG00000176907.5",1504
"ENSG00000147481.17",1505
"ENSG00000147485.13",1506
"ENSG00000147488.13",1507
"ENSG00000288818.1",1508
"ENSG00000147509.14",1509
"ENSG00000104237.11",1510
"ENSG00000206579.9",1511
"ENSG00000254087.8",1512
"ENSG00000272343.1",1513
"ENSG00000253322.1",1514
"ENSG00000205293.5",1515
"ENSG00000253376.2",1516
"ENSG00000167910.4",1517
"ENSG00000137575.12",1518
"ENSG00000198846.6",1519
"ENSG00000254777.5",1520
"ENSG00000177182.11",1521
"ENSG00000137561.5",1522
"ENSG00000172817.4",1523
"ENSG00000147573.17",1524
"ENSG00000287127.1",1525
"ENSG00000185697.17",1526
"ENSG00000046889.19",1527
"ENSG00000165084.16",1528
"ENSG00000137573.14",1529
"ENSG00000137571.11",1530
"ENSG00000285579.1",1531
"ENSG00000235531.11",1532
"ENSG00000121039.10",1533
"ENSG00000250295.6",1534
"ENSG00000154589.7",1535
"ENSG00000104381.14",1536
"ENSG00000254349.6",1537
"ENSG00000121005.9",1538
"ENSG00000249395.4",1539
"ENSG00000287352.1",1540
"ENSG00000254366.7",1541
"ENSG00000254266.6",1542
"ENSG00000286675.1",1543
"ENSG00000104432.14",1544
"ENSG00000285744.1",1545
"ENSG00000076554.16",1546
"ENSG00000164684.13",1547
"ENSG00000076641.4",1548
"ENSG00000254689.3",1549
"ENSG00000184672.12",1550
"ENSG00000164879.7",1551
"ENSG00000104267.10",1552
"ENSG00000164893.9",1553
"ENSG00000176571.13",1554
"ENSG00000156103.16",1555
"ENSG00000253553.9",1556
"ENSG00000104312.8",1557
"ENSG00000164823.11",1558
"ENSG00000254180.2",1559
"ENSG00000180694.14",1560
"ENSG00000147606.9",1561
"ENSG00000079102.16",1562
"ENSG00000253177.2",1563
"ENSG00000246662.6",1564
"ENSG00000164949.8",1565
"ENSG00000253773.5",1566
"ENSG00000169439.12",1567
"ENSG00000132561.14",1568
"ENSG00000156509.14",1569
"ENSG00000253666.4",1570
"ENSG00000083307.12",1571
"ENSG00000104490.18",1572
"ENSG00000155090.15",1573
"ENSG00000253320.7",1574
"ENSG00000164929.17",1575
"ENSG00000247081.8",1576
"ENSG00000147650.12",1577
"ENSG00000169946.14",1578
"ENSG00000251003.9",1579
"ENSG00000164830.19",1580
"ENSG00000154188.10",1581
"ENSG00000147655.12",1582
"ENSG00000205038.12",1583
"ENSG00000164796.18",1584
"ENSG00000104447.13",1585
"ENSG00000289382.2",1586
"ENSG00000177570.15",1587
"ENSG00000281641.3",1588
"ENSG00000164761.9",1589
"ENSG00000184374.3",1590
"ENSG00000136960.13",1591
"ENSG00000187955.13",1592
"ENSG00000170961.7",1593
"ENSG00000253819.3",1594
"ENSG00000204949.11",1595
"ENSG00000156802.13",1596
"ENSG00000156804.7",1597
"ENSG00000104537.17",1598
"ENSG00000249816.8",1599
"ENSG00000173334.4",1600
"ENSG00000253111.2",1601
"ENSG00000286122.1",1602
"ENSG00000245164.10",1603
"ENSG00000253438.5",1604
"ENSG00000253573.2",1605
"ENSG00000254166.4",1606
"ENSG00000136997.21",1607
"ENSG00000249859.14",1608
"ENSG00000229140.12",1609
"ENSG00000153310.22",1610
"ENSG00000153317.15",1611
"ENSG00000184156.17",1612
"ENSG00000155926.14",1613
"ENSG00000104415.14",1614
"ENSG00000104419.17",1615
"ENSG00000131773.15",1616
"ENSG00000254101.8",1617
"ENSG00000022567.10",1618
"ENSG00000107099.18",1619
"ENSG00000080503.25",1620
"ENSG00000236404.12",1621
"ENSG00000080298.16",1622
"ENSG00000232104.5",1623
"ENSG00000106686.17",1624
"ENSG00000106993.12",1625
"ENSG00000286162.4",1626
"ENSG00000137033.12",1627
"ENSG00000233367.1",1628
"ENSG00000178445.10",1629
"ENSG00000153707.19",1630
"ENSG00000235448.3",1631
"ENSG00000153714.6",1632
"ENSG00000226197.4",1633
"ENSG00000164946.20",1634
"ENSG00000291185.1",1635
"ENSG00000205549.10",1636
"ENSG00000173068.19",1637
"ENSG00000107295.10",1638
"ENSG00000178031.18",1639
"ENSG00000155875.15",1640
"ENSG00000147872.10",1641
"ENSG00000177076.6",1642
"ENSG00000171843.17",1643
"ENSG00000147889.18",1644
"ENSG00000240498.9",1645
"ENSG00000147883.12",1646
"ENSG00000176399.4",1647
"ENSG00000120156.22",1648
"ENSG00000174482.11",1649
"ENSG00000165264.11",1650
"ENSG00000010438.17",1651
"ENSG00000137077.8",1652
"ENSG00000122707.12",1653
"ENSG00000196092.14",1654
"ENSG00000291061.1",1655
"ENSG00000290923.1",1656
"ENSG00000290848.1",1657
"ENSG00000291012.1",1658
"ENSG00000288694.2",1659
"ENSG00000276386.1",1660
"ENSG00000154330.13",1661
"ENSG00000226337.3",1662
"ENSG00000107242.20",1663
"ENSG00000187866.10",1664
"ENSG00000288771.2",1665
"ENSG00000135063.20",1666
"ENSG00000083067.25",1667
"ENSG00000135048.14",1668
"ENSG00000119125.17",1669
"ENSG00000165091.18",1670
"ENSG00000165092.13",1671
"ENSG00000135046.14",1672
"ENSG00000286840.1",1673
"ENSG00000198963.11",1674
"ENSG00000119121.22",1675
"ENSG00000156017.13",1676
"ENSG00000106733.21",1677
"ENSG00000099139.14",1678
"ENSG00000106772.19",1679
"ENSG00000225937.3",1680
"ENSG00000156049.7",1681
"ENSG00000231373.1",1682
"ENSG00000148019.14",1683
"ENSG00000135069.14",1684
"ENSG00000106829.21",1685
"ENSG00000233926.2",1686
"ENSG00000165105.10",1687
"ENSG00000229109.2",1688
"ENSG00000172159.16",1689
"ENSG00000197506.8",1690
"ENSG00000148053.18",1691
"ENSG00000135049.16",1692
"ENSG00000235819.2",1693
"ENSG00000180447.7",1694
"ENSG00000226237.4",1695
"ENSG00000135047.16",1696
"ENSG00000287750.3",1697
"ENSG00000213694.7",1698
"ENSG00000148082.10",1699
"ENSG00000123975.5",1700
"ENSG00000187764.12",1701
"ENSG00000130222.11",1702
"ENSG00000165025.15",1703
"ENSG00000169071.15",1704
"ENSG00000188312.14",1705
"ENSG00000106819.13",1706
"ENSG00000165238.17",1707
"ENSG00000286850.1",1708
"ENSG00000275465.8",1709
"ENSG00000106799.14",1710
"ENSG00000255145.3",1711
"ENSG00000119508.18",1712
"ENSG00000136891.14",1713
"ENSG00000165028.12",1714
"ENSG00000234323.10",1715
"ENSG00000148143.13",1716
"ENSG00000136826.15",1717
"ENSG00000136810.13",1718
"ENSG00000165124.19",1719
"ENSG00000030304.15",1720
"ENSG00000198121.15",1721
"ENSG00000227531.1",1722
"ENSG00000259953.2",1723
"ENSG00000106868.17",1724
"ENSG00000227482.1",1725
"ENSG00000136888.8",1726
"ENSG00000173077.16",1727
"ENSG00000106952.8",1728
"ENSG00000041982.17",1729
"ENSG00000228714.4",1730
"ENSG00000182752.10",1731
"ENSG00000078725.13",1732
"ENSG00000106780.9",1733
"ENSG00000106804.10",1734
"ENSG00000148175.13",1735
"ENSG00000095303.17",1736
"ENSG00000234156.3",1737
"ENSG00000171496.5",1738
"ENSG00000106689.11",1739
"ENSG00000167081.18",1740
"ENSG00000177125.6",1741
"ENSG00000136828.19",1742
"ENSG00000095370.20",1743
"ENSG00000106991.14",1744
"ENSG00000130707.18",1745
"ENSG00000050555.19",1746
"ENSG00000196990.10",1747
"ENSG00000160339.16",1748
"ENSG00000172889.16",1749
"ENSG00000176058.13",1750
"ENSG00000290588.1",1751
"ENSG00000185736.16",1752
"ENSG00000231298.8",1753
"ENSG00000187134.14",1754
"ENSG00000151632.18",1755
"ENSG00000198610.11",1756
"ENSG00000231039.2",1757
"ENSG00000134460.19",1758
"ENSG00000065675.16",1759
"ENSG00000237943.8",1760
"ENSG00000287277.1",1761
"ENSG00000198879.13",1762
"ENSG00000123243.15",1763
"ENSG00000107485.18",1764
"ENSG00000048740.19",1765
"ENSG00000225778.5",1766
"ENSG00000151465.14",1767
"ENSG00000183049.14",1768
"ENSG00000285520.1",1769
"ENSG00000151468.11",1770
"ENSG00000151474.23",1771
"ENSG00000065809.14",1772
"ENSG00000077943.8",1773
"ENSG00000026025.16",1774
"ENSG00000148488.17",1775
"ENSG00000204832.10",1776
"ENSG00000260314.3",1777
"ENSG00000148482.12",1778
"ENSG00000204740.11",1779
"ENSG00000120594.17",1780
"ENSG00000078114.19",1781
"ENSG00000228219.1",1782
"ENSG00000150867.14",1783
"ENSG00000287124.2",1784
"ENSG00000120549.19",1785
"ENSG00000151025.11",1786
"ENSG00000095777.17",1787
"ENSG00000077420.16",1788
"ENSG00000150051.14",1789
"ENSG00000150054.19",1790
"ENSG00000237128.1",1791
"ENSG00000095739.11",1792
"ENSG00000197321.16",1793
"ENSG00000107968.10",1794
"ENSG00000272381.2",1795
"ENSG00000099250.18",1796
"ENSG00000291065.1",1797
"ENSG00000107562.17",1798
"ENSG00000224812.4",1799
"ENSG00000165507.9",1800
"ENSG00000128805.15",1801
"ENSG00000128815.20",1802
"ENSG00000185532.20",1803
"ENSG00000231131.10",1804
"ENSG00000285958.1",1805
"ENSG00000289158.1",1806
"ENSG00000122870.12",1807
"ENSG00000165443.12",1808
"ENSG00000148541.13",1809
"ENSG00000165449.12",1810
"ENSG00000151150.22",1811
"ENSG00000232682.2",1812
"ENSG00000072422.17",1813
"ENSG00000196932.12",1814
"ENSG00000183346.9",1815
"ENSG00000233643.2",1816
"ENSG00000150347.17",1817
"ENSG00000238280.2",1818
"ENSG00000228566.2",1819
"ENSG00000224714.3",1820
"ENSG00000228065.13",1821
"ENSG00000183230.18",1822
"ENSG00000122862.5",1823
"ENSG00000287306.1",1824
"ENSG00000107719.10",1825
"ENSG00000180644.8",1826
"ENSG00000107731.12",1827
"ENSG00000122863.6",1828
"ENSG00000168209.6",1829
"ENSG00000156026.15",1830
"ENSG00000138315.13",1831
"ENSG00000122884.13",1832
"ENSG00000166348.20",1833
"ENSG00000035403.18",1834
"ENSG00000226051.10",1835
"ENSG00000156113.24",1836
"ENSG00000178217.15",1837
"ENSG00000185737.13",1838
"ENSG00000182771.19",1839
"ENSG00000173267.14",1840
"ENSG00000148671.14",1841
"ENSG00000148672.10",1842
"ENSG00000198682.13",1843
"ENSG00000184719.12",1844
"ENSG00000138134.12",1845
"ENSG00000107796.13",1846
"ENSG00000138135.7",1847
"ENSG00000107798.18",1848
"ENSG00000152779.14",1849
"ENSG00000152782.18",1850
"ENSG00000280560.3",1851
"ENSG00000119938.9",1852
"ENSG00000138190.17",1853
"ENSG00000138119.17",1854
"ENSG00000108231.14",1855
"ENSG00000280660.1",1856
"ENSG00000138193.17",1857
"ENSG00000119969.16",1858
"ENSG00000173124.15",1859
"ENSG00000059573.9",1860
"ENSG00000138185.20",1861
"ENSG00000226688.9",1862
"ENSG00000188649.15",1863
"ENSG00000095587.9",1864
"ENSG00000155629.15",1865
"ENSG00000172987.13",1866
"ENSG00000120053.12",1867
"ENSG00000224934.6",1868
"ENSG00000107957.17",1869
"ENSG00000148841.17",1870
"ENSG00000120051.15",1871
"ENSG00000229775.7",1872
"ENSG00000229981.8",1873
"ENSG00000203876.10",1874
"ENSG00000138166.6",1875
"ENSG00000203867.8",1876
"ENSG00000287231.1",1877
"ENSG00000197142.11",1878
"ENSG00000095627.10",1879
"ENSG00000169129.16",1880
"ENSG00000107518.18",1881
"ENSG00000285582.1",1882
"ENSG00000151892.16",1883
"ENSG00000165868.16",1884
"ENSG00000177640.16",1885
"ENSG00000232139.6",1886
"ENSG00000198873.12",1887
"ENSG00000151929.10",1888
"ENSG00000198825.15",1889
"ENSG00000203805.11",1890
"ENSG00000274461.2",1891
"ENSG00000066468.24",1892
"ENSG00000230131.6",1893
"ENSG00000182022.18",1894
"ENSG00000065154.12",1895
"ENSG00000175029.17",1896
"ENSG00000148848.15",1897
"ENSG00000132334.17",1898
"ENSG00000236303.4",1899
"ENSG00000130649.10",1900
"ENSG00000184956.16",1901
"ENSG00000130592.17",1902
"ENSG00000238184.1",1903
"ENSG00000053918.18",1904
"ENSG00000269821.1",1905
"ENSG00000129757.15",1906
"ENSG00000021762.20",1907
"ENSG00000254444.1",1908
"ENSG00000166313.20",1909
"ENSG00000291143.1",1910
"ENSG00000283415.2",1911
"ENSG00000149054.16",1912
"ENSG00000170743.17",1913
"ENSG00000130413.16",1914
"ENSG00000166444.19",1915
"ENSG00000133789.15",1916
"ENSG00000148926.10",1917
"ENSG00000133800.9",1918
"ENSG00000072952.20",1919
"ENSG00000110328.6",1920
"ENSG00000197601.14",1921
"ENSG00000262655.4",1922
"ENSG00000175868.14",1923
"ENSG00000110680.14",1924
"ENSG00000006611.17",1925
"ENSG00000173432.13",1926
"ENSG00000166796.12",1927
"ENSG00000171714.13",1928
"ENSG00000246225.7",1929
"ENSG00000187398.12",1930
"ENSG00000134343.14",1931
"ENSG00000148942.15",1932
"ENSG00000129151.9",1933
"ENSG00000249867.6",1934
"ENSG00000066382.17",1935
"ENSG00000287373.1",1936
"ENSG00000170959.15",1937
"ENSG00000166016.6",1938
"ENSG00000135373.13",1939
"ENSG00000026508.21",1940
"ENSG00000110436.13",1941
"ENSG00000149090.13",1942
"ENSG00000179241.13",1943
"ENSG00000135362.14",1944
"ENSG00000166349.11",1945
"ENSG00000285751.1",1946
"ENSG00000148948.8",1947
"ENSG00000251557.4",1948
"ENSG00000187479.9",1949
"ENSG00000157570.12",1950
"ENSG00000274150.1",1951
"ENSG00000287264.1",1952
"ENSG00000110077.15",1953
"ENSG00000110079.19",1954
"ENSG00000214787.11",1955
"ENSG00000166927.13",1956
"ENSG00000156738.18",1957
"ENSG00000110448.11",1958
"ENSG00000167996.16",1959
"ENSG00000162174.12",1960
"ENSG00000291174.1",1961
"ENSG00000175592.9",1962
"ENSG00000260877.3",1963
"ENSG00000204971.3",1964
"ENSG00000186642.16",1965
"ENSG00000171631.16",1966
"ENSG00000175582.20",1967
"ENSG00000149257.16",1968
"ENSG00000255326.1",1969
"ENSG00000078124.13",1970
"ENSG00000151365.2",1971
"ENSG00000033327.13",1972
"ENSG00000254420.1",1973
"ENSG00000149256.16",1974
"ENSG00000137509.12",1975
"ENSG00000255234.6",1976
"ENSG00000137501.18",1977
"ENSG00000149196.17",1978
"ENSG00000150687.12",1979
"ENSG00000246523.10",1980
"ENSG00000285835.1",1981
"ENSG00000109861.17",1982
"ENSG00000288018.3",1983
"ENSG00000086991.13",1984
"ENSG00000261645.7",1985
"ENSG00000165323.16",1986
"ENSG00000134627.12",1987
"ENSG00000166025.18",1988
"ENSG00000245552.9",1989
"ENSG00000149212.12",1990
"ENSG00000184384.14",1991
"ENSG00000149972.12",1992
"ENSG00000137672.13",1993
"ENSG00000023445.16",1994
"ENSG00000152558.15",1995
"ENSG00000137673.9",1996
"ENSG00000187240.17",1997
"ENSG00000254987.1",1998
"ENSG00000170962.13",1999
"ENSG00000152402.11",2000
"ENSG00000110675.13",2001
"ENSG00000110660.15",2002
"ENSG00000149289.11",2003
"ENSG00000137727.13",2004
"ENSG00000110777.12",2005
"ENSG00000204381.12",2006
"ENSG00000109846.9",2007
"ENSG00000250303.6",2008
"ENSG00000254968.8",2009
"ENSG00000149294.17",2010
"ENSG00000256947.1",2011
"ENSG00000166741.8",2012
"ENSG00000182985.18",2013
"ENSG00000256717.1",2014
"ENSG00000177103.15",2015
"ENSG00000255245.4",2016
"ENSG00000255274.10",2017
"ENSG00000198851.10",2018
"ENSG00000019144.20",2019
"ENSG00000181264.9",2020
"ENSG00000149403.13",2021
"ENSG00000109927.11",2022
"ENSG00000286044.1",2023
"ENSG00000255248.11",2024
"ENSG00000154127.10",2025
"ENSG00000166250.12",2026
"ENSG00000023171.20",2027
"ENSG00000064199.7",2028
"ENSG00000149571.12",2029
"ENSG00000134954.14",2030
"ENSG00000151702.18",2031
"ENSG00000183715.14",2032
"ENSG00000166086.13",2033
"ENSG00000251226.2",2034
"ENSG00000139044.12",2035
"ENSG00000171840.13",2036
"ENSG00000171823.7",2037
"ENSG00000197905.10",2038
"ENSG00000130035.9",2039
"ENSG00000047617.17",2040
"ENSG00000110799.14",2041
"ENSG00000089692.9",2042
"ENSG00000010626.15",2043
"ENSG00000177675.9",2044
"ENSG00000177575.13",2045
"ENSG00000173262.12",2046
"ENSG00000059804.16",2047
"ENSG00000166523.8",2048
"ENSG00000255801.2",2049
"ENSG00000166532.16",2050
"ENSG00000166535.20",2051
"ENSG00000282022.1",2052
"ENSG00000214851.5",2053
"ENSG00000175899.15",2054
"ENSG00000126838.10",2055
"ENSG00000110848.8",2056
"ENSG00000150045.12",2057
"ENSG00000110852.5",2058
"ENSG00000165682.15",2059
"ENSG00000150048.10",2060
"ENSG00000172243.18",2061
"ENSG00000255819.7",2062
"ENSG00000134545.14",2063
"ENSG00000060138.13",2064
"ENSG00000178878.13",2065
"ENSG00000255621.1",2066
"ENSG00000134531.10",2067
"ENSG00000121316.11",2068
"ENSG00000111341.10",2069
"ENSG00000134533.6",2070
"ENSG00000151491.14",2071
"ENSG00000283240.1",2072
"ENSG00000255910.2",2073
"ENSG00000256287.1",2074
"ENSG00000172572.7",2075
"ENSG00000139155.9",2076
"ENSG00000111700.13",2077
"ENSG00000257046.5",2078
"ENSG00000257062.6",2079
"ENSG00000111716.14",2080
"ENSG00000111728.11",2081
"ENSG00000256995.8",2082
"ENSG00000060982.15",2083
"ENSG00000118308.16",2084
"ENSG00000152936.11",2085
"ENSG00000123094.16",2086
"ENSG00000123096.12",2087
"ENSG00000256226.1",2088
"ENSG00000211455.8",2089
"ENSG00000029153.15",2090
"ENSG00000110841.14",2091
"ENSG00000256504.2",2092
"ENSG00000205693.4",2093
"ENSG00000064763.12",2094
"ENSG00000257599.5",2095
"ENSG00000133687.16",2096
"ENSG00000110900.16",2097
"ENSG00000174718.12",2098
"ENSG00000151746.15",2099
"ENSG00000173208.4",2100
"ENSG00000018236.15",2101
"ENSG00000165966.16",2102
"ENSG00000257228.5",2103
"ENSG00000257239.1",2104
"ENSG00000139174.12",2105
"ENSG00000184613.11",2106
"ENSG00000111371.16",2107
"ENSG00000139209.16",2108
"ENSG00000179715.13",2109
"ENSG00000257735.1",2110
"ENSG00000172602.11",2111
"ENSG00000161835.11",2112
"ENSG00000123358.20",2113
"ENSG00000135480.17",2114
"ENSG00000123338.13",2115
"ENSG00000135426.16",2116
"ENSG00000123342.16",2117
"ENSG00000110958.16",2118
"ENSG00000025423.11",2119
"ENSG00000166856.3",2120
"ENSG00000258231.5",2121
"ENSG00000257259.3",2122
"ENSG00000139263.12",2123
"ENSG00000118596.12",2124
"ENSG00000198673.11",2125
"ENSG00000111110.12",2126
"ENSG00000196935.10",2127
"ENSG00000243024.7",2128
"ENSG00000153179.13",2129
"ENSG00000174099.12",2130
"ENSG00000149948.14",2131
"ENSG00000090376.11",2132
"ENSG00000255733.6",2133
"ENSG00000251301.8",2134
"ENSG00000135678.12",2135
"ENSG00000090382.7",2136
"ENSG00000166268.11",2137
"ENSG00000257815.9",2138
"ENSG00000135643.5",2139
"ENSG00000258168.6",2140
"ENSG00000127329.16",2141
"ENSG00000153233.13",2142
"ENSG00000127324.9",2143
"ENSG00000139292.13",2144
"ENSG00000072657.10",2145
"ENSG00000236333.4",2146
"ENSG00000258077.2",2147
"ENSG00000139289.14",2148
"ENSG00000257526.3",2149
"ENSG00000067798.16",2150
"ENSG00000258084.6",2151
"ENSG00000067715.15",2152
"ENSG00000257191.1",2153
"ENSG00000258048.1",2154
"ENSG00000165899.12",2155
"ENSG00000139304.16",2156
"ENSG00000111058.8",2157
"ENSG00000139220.17",2158
"ENSG00000179104.9",2159
"ENSG00000133640.20",2160
"ENSG00000198774.5",2161
"ENSG00000182050.14",2162
"ENSG00000049130.16",2163
"ENSG00000246363.4",2164
"ENSG00000139318.8",2165
"ENSG00000070961.17",2166
"ENSG00000258216.7",2167
"ENSG00000139329.5",2168
"ENSG00000011465.18",2169
"ENSG00000277851.2",2170
"ENSG00000187510.11",2171
"ENSG00000257322.7",2172
"ENSG00000173598.14",2173
"ENSG00000136040.9",2174
"ENSG00000057704.13",2175
"ENSG00000074527.13",2176
"ENSG00000084110.11",2177
"ENSG00000111145.8",2178
"ENSG00000188596.11",2179
"ENSG00000258312.1",2180
"ENSG00000185046.20",2181
"ENSG00000151572.18",2182
"ENSG00000017427.17",2183
"ENSG00000179088.16",2184
"ENSG00000136011.15",2185
"ENSG00000171310.11",2186
"ENSG00000136010.14",2187
"ENSG00000235162.9",2188
"ENSG00000074590.14",2189
"ENSG00000008405.12",2190
"ENSG00000151136.15",2191
"ENSG00000174600.14",2192
"ENSG00000110876.10",2193
"ENSG00000174437.18",2194
"ENSG00000135094.11",2195
"ENSG00000257817.2",2196
"ENSG00000257883.1",2197
"ENSG00000088992.18",2198
"ENSG00000171435.14",2199
"ENSG00000152137.8",2200
"ENSG00000248636.7",2201
"ENSG00000224982.4",2202
"ENSG00000135127.12",2203
"ENSG00000135114.14",2204
"ENSG00000150977.11",2205
"ENSG00000249345.8",2206
"ENSG00000181234.10",2207
"ENSG00000060709.16",2208
"ENSG00000290911.1",2209
"ENSG00000276476.4",2210
"ENSG00000291041.1",2211
"ENSG00000139517.9",2212
"ENSG00000122025.15",2213
"ENSG00000102755.12",2214
"ENSG00000132938.22",2215
"ENSG00000139514.13",2216
"ENSG00000132965.10",2217
"ENSG00000133119.13",2218
"ENSG00000172915.20",2219
"ENSG00000133083.15",2220
"ENSG00000120693.14",2221
"ENSG00000133110.15",2222
"ENSG00000133107.15",2223
"ENSG00000223685.8",2224
"ENSG00000183722.9",2225
"ENSG00000215483.12",2226
"ENSG00000150907.10",2227
"ENSG00000102760.13",2228
"ENSG00000102780.17",2229
"ENSG00000133106.15",2230
"ENSG00000120658.14",2231
"ENSG00000225727.3",2232
"ENSG00000123200.17",2233
"ENSG00000136167.15",2234
"ENSG00000173988.14",2235
"ENSG00000102445.20",2236
"ENSG00000139679.16",2237
"ENSG00000152207.8",2238
"ENSG00000186047.11",2239
"ENSG00000288765.1",2240
"ENSG00000118946.12",2241
"ENSG00000184226.15",2242
"ENSG00000226846.2",2243
"ENSG00000276644.5",2244
"ENSG00000102554.14",2245
"ENSG00000224853.3",2246
"ENSG00000136111.14",2247
"ENSG00000285572.2",2248
"ENSG00000178695.6",2249
"ENSG00000139737.23",2250
"ENSG00000136160.17",2251
"ENSG00000234377.8",2252
"ENSG00000286746.1",2253
"ENSG00000288016.3",2254
"ENSG00000285699.1",2255
"ENSG00000228824.8",2256
"ENSG00000271395.2",2257
"ENSG00000179399.15",2258
"ENSG00000232885.2",2259
"ENSG00000286416.1",2260
"ENSG00000088387.22",2261
"ENSG00000102452.18",2262
"ENSG00000198542.15",2263
"ENSG00000102466.16",2264
"ENSG00000125266.8",2265
"ENSG00000284966.3",2266
"ENSG00000204442.4",2267
"ENSG00000041515.16",2268
"ENSG00000285534.1",2269
"ENSG00000185950.9",2270
"ENSG00000187498.16",2271
"ENSG00000134871.19",2272
"ENSG00000139832.5",2273
"ENSG00000277767.1",2274
"ENSG00000184497.13",2275
"ENSG00000129538.14",2276
"ENSG00000092068.21",2277
"ENSG00000290642.1",2278
"ENSG00000258657.5",2279
"ENSG00000168952.16",2280
"ENSG00000139910.20",2281
"ENSG00000258932.5",2282
"ENSG00000258038.6",2283
"ENSG00000258028.3",2284
"ENSG00000184304.17",2285
"ENSG00000258580.1",2286
"ENSG00000151322.20",2287
"ENSG00000129521.15",2288
"ENSG00000283098.2",2289
"ENSG00000183032.12",2290
"ENSG00000176435.7",2291
"ENSG00000259072.2",2292
"ENSG00000259070.9",2293
"ENSG00000258526.8",2294
"ENSG00000251363.3",2295
"ENSG00000139915.21",2296
"ENSG00000100490.10",2297
"ENSG00000198513.14",2298
"ENSG00000100505.14",2299
"ENSG00000139926.16",2300
"ENSG00000186469.9",2301
"ENSG00000087303.19",2302
"ENSG00000258694.1",2303
"ENSG00000168229.4",2304
"ENSG00000125384.7",2305
"ENSG00000180998.12",2306
"ENSG00000237356.7",2307
"ENSG00000235269.2",2308
"ENSG00000125378.16",2309
"ENSG00000131979.20",2310
"ENSG00000186615.12",2311
"ENSG00000139946.11",2312
"ENSG00000259719.6",2313
"ENSG00000258583.7",2314
"ENSG00000139970.18",2315
"ENSG00000027075.17",2316
"ENSG00000100644.17",2317
"ENSG00000258667.3",2318
"ENSG00000126785.13",2319
"ENSG00000033170.17",2320
"ENSG00000258561.2",2321
"ENSG00000182185.19",2322
"ENSG00000100626.17",2323
"ENSG00000133985.3",2324
"ENSG00000286423.1",2325
"ENSG00000182732.18",2326
"ENSG00000205683.12",2327
"ENSG00000140044.13",2328
"ENSG00000119686.10",2329
"ENSG00000119699.8",2330
"ENSG00000259124.1",2331
"ENSG00000100596.8",2332
"ENSG00000021645.20",2333
"ENSG00000100629.17",2334
"ENSG00000140022.14",2335
"ENSG00000258743.8",2336
"ENSG00000185070.12",2337
"ENSG00000258733.7",2338
"ENSG00000140030.6",2339
"ENSG00000152315.5",2340
"ENSG00000165914.15",2341
"ENSG00000165929.13",2342
"ENSG00000140092.15",2343
"ENSG00000140090.18",2344
"ENSG00000100600.15",2345
"ENSG00000165949.13",2346
"ENSG00000289541.1",2347
"ENSG00000246223.10",2348
"ENSG00000127152.18",2349
"ENSG00000182218.10",2350
"ENSG00000066629.19",2351
"ENSG00000258666.1",2352
"ENSG00000140105.18",2353
"ENSG00000214548.18",2354
"ENSG00000225746.13",2355
"ENSG00000258959.2",2356
"ENSG00000166165.14",2357
"ENSG00000211895.5",2358
"ENSG00000211897.9",2359
"ENSG00000211899.10",2360
"ENSG00000259905.7",2361
"ENSG00000206190.13",2362
"ENSG00000166206.15",2363
"ENSG00000182256.13",2364
"ENSG00000259168.1",2365
"ENSG00000248905.10",2366
"ENSG00000198838.14",2367
"ENSG00000248079.4",2368
"ENSG00000259245.2",2369
"ENSG00000134138.22",2370
"ENSG00000259434.2",2371
"ENSG00000172575.14",2372
"ENSG00000175779.5",2373
"ENSG00000259345.7",2374
"ENSG00000259269.2",2375
"ENSG00000137801.11",2376
"ENSG00000150667.8",2377
"ENSG00000166073.11",2378
"ENSG00000128917.8",2379
"ENSG00000092531.10",2380
"ENSG00000140263.15",2381
"ENSG00000137872.17",2382
"ENSG00000166147.15",2383
"ENSG00000140285.12",2384
"ENSG00000104043.15",2385
"ENSG00000104064.18",2386
"ENSG00000183578.8",2387
"ENSG00000128872.10",2388
"ENSG00000197535.16",2389
"ENSG00000259237.2",2390
"ENSG00000166415.15",2391
"ENSG00000137766.18",2392
"ENSG00000171016.13",2393
"ENSG00000166450.13",2394
"ENSG00000181827.16",2395
"ENSG00000138587.6",2396
"ENSG00000285253.1",2397
"ENSG00000128849.11",2398
"ENSG00000128918.15",2399
"ENSG00000103569.10",2400
"ENSG00000166035.11",2401
"ENSG00000157483.9",2402
"ENSG00000182718.18",2403
"ENSG00000205502.4",2404
"ENSG00000289547.1",2405
"ENSG00000171914.17",2406
"ENSG00000166128.13",2407
"ENSG00000138613.14",2408
"ENSG00000035664.11",2409
"ENSG00000259471.1",2410
"ENSG00000137834.15",2411
"ENSG00000290203.13",2412
"ENSG00000137819.14",2413
"ENSG00000137818.12",2414
"ENSG00000245750.11",2415
"ENSG00000137821.12",2416
"ENSG00000140505.7",2417
"ENSG00000169752.17",2418
"ENSG00000140403.13",2419
"ENSG00000166557.14",2420
"ENSG00000140379.9",2421
"ENSG00000259417.3",2422
"ENSG00000172379.22",2423
"ENSG00000136379.12",2424
"ENSG00000156206.14",2425
"ENSG00000259692.6",2426
"ENSG00000289704.1",2427
"ENSG00000136404.16",2428
"ENSG00000166503.9",2429
"ENSG00000136383.7",2430
"ENSG00000273540.5",2431
"ENSG00000259560.2",2432
"ENSG00000140538.17",2433
"ENSG00000140575.13",2434
"ENSG00000258551.7",2435
"ENSG00000176463.14",2436
"ENSG00000258785.7",2437
"ENSG00000140563.16",2438
"ENSG00000277654.6",2439
"ENSG00000289464.1",2440
"ENSG00000248441.9",2441
"ENSG00000259134.7",2442
"ENSG00000275443.2",2443
"ENSG00000247809.11",2444
"ENSG00000259582.4",2445
"ENSG00000251209.10",2446
"ENSG00000140450.9",2447
"ENSG00000277987.3",2448
"ENSG00000283597.3",2449
"ENSG00000140443.15",2450
"ENSG00000168904.15",2451
"ENSG00000259363.6",2452
"ENSG00000140470.15",2453
"ENSG00000259430.2",2454
"ENSG00000259579.1",2455
"ENSG00000154237.13",2456
"ENSG00000131873.7",2457
"ENSG00000140479.18",2458
"ENSG00000008516.18",2459
"ENSG00000008517.19",2460
"ENSG00000261889.1",2461
"ENSG00000260071.2",2462
"ENSG00000283003.4",2463
"ENSG00000283221.1",2464
"ENSG00000166676.17",2465
"ENSG00000262151.1",2466
"ENSG00000179583.21",2467
"ENSG00000188897.10",2468
"ENSG00000189067.14",2469
"ENSG00000103381.12",2470
"ENSG00000262801.6",2471
"ENSG00000133392.18",2472
"ENSG00000103534.17",2473
"ENSG00000167191.12",2474
"ENSG00000005187.12",2475
"ENSG00000166743.10",2476
"ENSG00000285303.1",2477
"ENSG00000122254.7",2478
"ENSG00000166501.14",2479
"ENSG00000197471.12",2480
"ENSG00000140678.17",2481
"ENSG00000156886.12",2482
"ENSG00000171208.10",2483
"ENSG00000260086.5",2484
"ENSG00000102935.12",2485
"ENSG00000259843.2",2486
"ENSG00000140807.7",2487
"ENSG00000260850.4",2488
"ENSG00000224578.5",2489
"ENSG00000289907.1",2490
"ENSG00000103460.17",2491
"ENSG00000277639.3",2492
"ENSG00000103494.16",2493
"ENSG00000260135.7",2494
"ENSG00000087253.13",2495
"ENSG00000246379.8",2496
"ENSG00000087258.16",2497
"ENSG00000125148.7",2498
"ENSG00000169715.15",2499
"ENSG00000205364.4",2500
"ENSG00000125144.14",2501
"ENSG00000187193.9",2502
"ENSG00000182885.17",2503
"ENSG00000181938.14",2504
"ENSG00000245768.7",2505
"ENSG00000140937.14",2506
"ENSG00000179776.19",2507
"ENSG00000103056.12",2508
"ENSG00000039068.20",2509
"ENSG00000168807.17",2510
"ENSG00000157429.16",2511
"ENSG00000140835.10",2512
"ENSG00000261701.9",2513
"ENSG00000261008.9",2514
"ENSG00000261404.7",2515
"ENSG00000168404.13",2516
"ENSG00000103089.9",2517
"ENSG00000259995.1",2518
"ENSG00000171724.3",2519
"ENSG00000178573.7",2520
"ENSG00000259867.6",2521
"ENSG00000135697.10",2522
"ENSG00000086696.11",2523
"ENSG00000140945.17",2524
"ENSG00000103187.8",2525
"ENSG00000285848.1",2526
"ENSG00000103196.12",2527
"ENSG00000154102.11",2528
"ENSG00000268754.4",2529
"ENSG00000167693.17",2530
"ENSG00000159842.16",2531
"ENSG00000132359.16",2532
"ENSG00000221882.4",2533
"ENSG00000108405.4",2534
"ENSG00000091592.17",2535
"ENSG00000091622.16",2536
"ENSG00000167858.13",2537
"ENSG00000161940.11",2538
"ENSG00000141506.15",2539
"ENSG00000065325.13",2540
"ENSG00000007237.19",2541
"ENSG00000188803.15",2542
"ENSG00000141052.18",2543
"ENSG00000153976.3",2544
"ENSG00000230647.3",2545
"ENSG00000109099.16",2546
"ENSG00000108551.5",2547
"ENSG00000189152.11",2548
"ENSG00000128487.19",2549
"ENSG00000108684.15",2550
"ENSG00000108691.10",2551
"ENSG00000166750.10",2552
"ENSG00000205045.12",2553
"ENSG00000271503.6",2554
"ENSG00000277632.2",2555
"ENSG00000275302.2",2556
"ENSG00000276070.5",2557
"ENSG00000161405.17",2558
"ENSG00000126353.3",2559
"ENSG00000177469.13",2560
"ENSG00000131477.11",2561
"ENSG00000131482.10",2562
"ENSG00000175906.5",2563
"ENSG00000175832.13",2564
"ENSG00000141293.16",2565
"ENSG00000120093.12",2566
"ENSG00000159217.10",2567
"ENSG00000267452.3",2568
"ENSG00000154975.14",2569
"ENSG00000108924.14",2570
"ENSG00000153930.13",2571
"ENSG00000153933.10",2572
"ENSG00000180891.13",2573
"ENSG00000175175.6",2574
"ENSG00000136492.10",2575
"ENSG00000170921.16",2576
"ENSG00000233635.2",2577
"ENSG00000108622.11",2578
"ENSG00000261371.6",2579
"ENSG00000120063.10",2580
"ENSG00000266076.1",2581
"ENSG00000154240.17",2582
"ENSG00000285877.1",2583
"ENSG00000154217.16",2584
"ENSG00000267659.5",2585
"ENSG00000267653.1",2586
"ENSG00000230258.6",2587
"ENSG00000153822.15",2588
"ENSG00000228639.8",2589
"ENSG00000227036.10",2590
"ENSG00000196169.15",2591
"ENSG00000177885.15",2592
"ENSG00000141576.16",2593
"ENSG00000129657.16",2594
"ENSG00000204277.1",2595
"ENSG00000184557.4",2596
"ENSG00000266970.3",2597
"ENSG00000173918.15",2598
"ENSG00000141543.12",2599
"ENSG00000262814.8",2600
"ENSG00000141568.21",2601
"ENSG00000158270.12",2602
"ENSG00000176105.14",2603
"ENSG00000263551.6",2604
"ENSG00000132204.14",2605
"ENSG00000132205.11",2606
"ENSG00000265907.2",2607
"ENSG00000101605.14",2608
"ENSG00000170579.17",2609
"ENSG00000082397.18",2610
"ENSG00000088756.13",2611
"ENSG00000168502.18",2612
"ENSG00000168461.13",2613
"ENSG00000154856.13",2614
"ENSG00000154864.14",2615
"ENSG00000141404.17",2616
"ENSG00000134278.16",2617
"ENSG00000283294.2",2618
"ENSG00000266554.2",2619
"ENSG00000265758.1",2620
"ENSG00000141448.11",2621
"ENSG00000134508.13",2622
"ENSG00000154065.17",2623
"ENSG00000053747.17",2624
"ENSG00000168234.13",2625
"ENSG00000154040.21",2626
"ENSG00000198795.11",2627
"ENSG00000285595.1",2628
"ENSG00000141384.13",2629
"ENSG00000134504.14",2630
"ENSG00000260372.7",2631
"ENSG00000154080.14",2632
"ENSG00000170558.10",2633
"ENSG00000265980.1",2634
"ENSG00000175065.12",2635
"ENSG00000118271.12",2636
"ENSG00000118276.12",2637
"ENSG00000265158.2",2638
"ENSG00000141441.16",2639
"ENSG00000285095.2",2640
"ENSG00000166960.17",2641
"ENSG00000141431.14",2642
"ENSG00000101746.16",2643
"ENSG00000134769.23",2644
"ENSG00000166974.13",2645
"ENSG00000134775.16",2646
"ENSG00000150477.15",2647
"ENSG00000267374.3",2648
"ENSG00000267313.7",2649
"ENSG00000267586.7",2650
"ENSG00000152214.14",2651
"ENSG00000267337.2",2652
"ENSG00000132874.15",2653
"ENSG00000141469.18",2654
"ENSG00000141622.14",2655
"ENSG00000184828.10",2656
"ENSG00000101670.12",2657
"ENSG00000134042.14",2658
"ENSG00000082212.13",2659
"ENSG00000041353.10",2660
"ENSG00000196628.20",2661
"ENSG00000267028.1",2662
"ENSG00000260930.2",2663
"ENSG00000267327.2",2664
"ENSG00000198796.7",2665
"ENSG00000183287.15",2666
"ENSG00000101542.10",2667
"ENSG00000267175.5",2668
"ENSG00000176641.11",2669
"ENSG00000141655.18",2670
"ENSG00000171791.14",2671
"ENSG00000267134.3",2672
"ENSG00000071991.9",2673
"ENSG00000265533.1",2674
"ENSG00000150636.17",2675
"ENSG00000206052.11",2676
"ENSG00000150637.9",2677
"ENSG00000176225.15",2678
"ENSG00000263711.6",2679
"ENSG00000264015.2",2680
"ENSG00000131196.18",2681
"ENSG00000267270.8",2682
"ENSG00000178184.16",2683
"ENSG00000070404.10",2684
"ENSG00000087903.13",2685
"ENSG00000141968.8",2686
"ENSG00000104938.18",2687
"ENSG00000142449.13",2688
"ENSG00000167772.12",2689
"ENSG00000142347.19",2690
"ENSG00000090339.9",2691
"ENSG00000065989.16",2692
"ENSG00000130164.14",2693
"ENSG00000102575.14",2694
"ENSG00000267519.6",2695
"ENSG00000123146.20",2696
"ENSG00000127507.18",2697
"ENSG00000074181.9",2698
"ENSG00000171954.13",2699
"ENSG00000167460.17",2700
"ENSG00000196684.12",2701
"ENSG00000127528.6",2702
"ENSG00000130513.7",2703
"ENSG00000291130.1",2704
"ENSG00000269043.2",2705
"ENSG00000160321.16",2706
"ENSG00000121297.8",2707
"ENSG00000153885.15",2708
"ENSG00000267767.3",2709
"ENSG00000105697.9",2710
"ENSG00000126262.5",2711
"ENSG00000167604.15",2712
"ENSG00000090006.18",2713
"ENSG00000086544.4",2714
"ENSG00000282951.1",2715
"ENSG00000198077.11",2716
"ENSG00000291083.1",2717
"ENSG00000197408.10",2718
"ENSG00000167601.12",2719
"ENSG00000213904.11",2720
"ENSG00000011422.12",2721
"ENSG00000267022.1",2722
"ENSG00000290603.1",2723
"ENSG00000125740.14",2724
"ENSG00000124440.16",2725
"ENSG00000134830.6",2726
"ENSG00000105538.10",2727
"ENSG00000104804.8",2728
"ENSG00000287001.3",2729
"ENSG00000105374.10",2730
"ENSG00000187474.5",2731
"ENSG00000130844.19",2732
"ENSG00000179820.16",2733
"ENSG00000126583.12",2734
"ENSG00000105609.17",2735
"ENSG00000131042.15",2736
"ENSG00000104972.16",2737
"ENSG00000267265.6",2738
"ENSG00000198300.14",2739
"ENSG00000286787.3",2740
"ENSG00000286288.2",2741
"ENSG00000088827.13",2742
"ENSG00000101236.17",2743
"ENSG00000171867.18",2744
"ENSG00000101265.16",2745
"ENSG00000125845.7",2746
"ENSG00000182621.18",2747
"ENSG00000101333.19",2748
"ENSG00000101349.17",2749
"ENSG00000227906.10",2750
"ENSG00000132639.15",2751
"ENSG00000101384.12",2752
"ENSG00000270792.6",2753
"ENSG00000236526.1",2754
"ENSG00000172264.19",2755
"ENSG00000125848.10",2756
"ENSG00000286546.1",2757
"ENSG00000185052.13",2758
"ENSG00000132669.14",2759
"ENSG00000279082.5",2760
"ENSG00000178726.7",2761
"ENSG00000125810.10",2762
"ENSG00000125968.9",2763
"ENSG00000101336.18",2764
"ENSG00000088367.23",2765
"ENSG00000198959.12",2766
"ENSG00000149633.12",2767
"ENSG00000129988.6",2768
"ENSG00000101445.10",2769
"ENSG00000229976.2",2770
"ENSG00000196090.13",2771
"ENSG00000101052.13",2772
"ENSG00000124191.18",2773
"ENSG00000124107.5",2774
"ENSG00000124145.6",2775
"ENSG00000100979.15",2776
"ENSG00000158296.14",2777
"ENSG00000064655.19",2778
"ENSG00000124126.14",2779
"ENSG00000124212.6",2780
"ENSG00000196396.10",2781
"ENSG00000042062.13",2782
"ENSG00000101096.20",2783
"ENSG00000234948.2",2784
"ENSG00000287478.1",2785
"ENSG00000054803.4",2786
"ENSG00000213714.1",2787
"ENSG00000124092.13",2788
"ENSG00000124225.16",2789
"ENSG00000124203.7",2790
"ENSG00000087495.17",2791
"ENSG00000228340.8",2792
"ENSG00000179242.16",2793
"ENSG00000130584.12",2794
"ENSG00000224905.8",2795
"ENSG00000155307.19",2796
"ENSG00000229425.5",2797
"ENSG00000154645.14",2798
"ENSG00000154654.15",2799
"ENSG00000227075.1",2800
"ENSG00000154721.15",2801
"ENSG00000197934.8",2802
"ENSG00000166265.13",2803
"ENSG00000154734.16",2804
"ENSG00000154736.6",2805
"ENSG00000231236.2",2806
"ENSG00000232079.7",2807
"ENSG00000236532.6",2808
"ENSG00000232855.7",2809
"ENSG00000142149.9",2810
"ENSG00000230323.6",2811
"ENSG00000166979.13",2812
"ENSG00000180509.13",2813
"ENSG00000159212.13",2814
"ENSG00000159216.19",2815
"ENSG00000286153.2",2816
"ENSG00000231106.3",2817
"ENSG00000142197.13",2818
"ENSG00000157551.19",2819
"ENSG00000157554.20",2820
"ENSG00000289445.2",2821
"ENSG00000225330.1",2822
"ENSG00000171587.15",2823
"ENSG00000182240.16",2824
"ENSG00000183844.17",2825
"ENSG00000183486.14",2826
"ENSG00000184012.14",2827
"ENSG00000160179.19",2828
"ENSG00000185186.10",2829
"ENSG00000183570.17",2830
"ENSG00000142156.16",2831
"ENSG00000290418.1",2832
"ENSG00000099954.19",2833
"ENSG00000015475.19",2834
"ENSG00000184113.10",2835
"ENSG00000184058.16",2836
"ENSG00000211677.2",2837
"ENSG00000100077.16",2838
"ENSG00000169184.7",2839
"ENSG00000183579.16",2840
"ENSG00000227117.6",2841
"ENSG00000176635.18",2842
"ENSG00000100036.13",2843
"ENSG00000100170.10",2844
"ENSG00000242082.2",2845
"ENSG00000289873.1",2846
"ENSG00000185666.15",2847
"ENSG00000100234.12",2848
"ENSG00000233080.3",2849
"ENSG00000100292.18",2850
"ENSG00000223695.1",2851
"ENSG00000100385.15",2852
"ENSG00000100351.17",2853
"ENSG00000167077.13",2854
"ENSG00000235568.7",2855
"ENSG00000188677.15",2856
"ENSG00000280011.1",2857
"ENSG00000219438.9",2858
"ENSG00000205632.4",2859
"ENSG00000188511.14",2860
"ENSG00000205593.12",2861
"ENSG00000062096.15",2862
"ENSG00000101825.8",2863
"ENSG00000146938.16",2864
"ENSG00000130021.15",2865
"ENSG00000101846.9",2866
"ENSG00000285679.2",2867
"ENSG00000011201.12",2868
"ENSG00000177138.17",2869
"ENSG00000227042.1",2870
"ENSG00000101871.17",2871
"ENSG00000234129.10",2872
"ENSG00000047648.23",2873
"ENSG00000169933.17",2874
"ENSG00000101911.13",2875
"ENSG00000205542.11",2876
"ENSG00000181544.16",2877
"ENSG00000165195.16",2878
"ENSG00000102010.15",2879
"ENSG00000130234.13",2880
"ENSG00000188158.17",2881
"ENSG00000131831.18",2882
"ENSG00000173698.18",2883
"ENSG00000283380.1",2884
"ENSG00000149970.16",2885
"ENSG00000102174.10",2886
"ENSG00000289084.1",2887
"ENSG00000165186.12",2888
"ENSG00000174010.10",2889
"ENSG00000242021.2",2890
"ENSG00000228933.8",2891
"ENSG00000169306.10",2892
"ENSG00000120280.6",2893
"ENSG00000198814.14",2894
"ENSG00000243055.1",2895
"ENSG00000147027.4",2896
"ENSG00000286475.1",2897
"ENSG00000290955.1",2898
"ENSG00000101955.15",2899
"ENSG00000156313.15",2900
"ENSG00000165175.17",2901
"ENSG00000189221.11",2902
"ENSG00000147113.17",2903
"ENSG00000270069.3",2904
"ENSG00000049768.18",2905
"ENSG00000147082.18",2906
"ENSG00000158352.18",2907
"ENSG00000229151.3",2908
"ENSG00000196632.11",2909
"ENSG00000227486.4",2910
"ENSG00000165591.7",2911
"ENSG00000102053.13",2912
"ENSG00000147065.18",2913
"ENSG00000274536.9",2914
"ENSG00000155659.15",2915
"ENSG00000089472.18",2916
"ENSG00000169083.18",2917
"ENSG00000079482.14",2918
"ENSG00000158813.18",2919
"ENSG00000204131.10",2920
"ENSG00000204116.12",2921
"ENSG00000225470.9",2922
"ENSG00000050030.16",2923
"ENSG00000280870.3",2924
"ENSG00000173198.6",2925
"ENSG00000278530.5",2926
"ENSG00000072133.12",2927
"ENSG00000165259.14",2928
"ENSG00000124429.18",2929
"ENSG00000102271.14",2930
"ENSG00000102290.23",2931
"ENSG00000286523.1",2932
"ENSG00000010671.18",2933
"ENSG00000102393.14",2934
"ENSG00000290798.1",2935
"ENSG00000172476.4",2936
"ENSG00000189108.13",2937
"ENSG00000157502.13",2938
"ENSG00000133135.14",2939
"ENSG00000188153.14",2940
"ENSG00000068366.21",2941
"ENSG00000157600.12",2942
"ENSG00000077264.16",2943
"ENSG00000260802.2",2944
"ENSG00000072315.4",2945
"ENSG00000187823.4",2946
"ENSG00000286072.1",2947
"ENSG00000130224.15",2948
"ENSG00000271826.5",2949
"ENSG00000102024.19",2950
"ENSG00000003096.15",2951
"ENSG00000131725.14",2952
"ENSG00000147251.16",2953
"ENSG00000203650.9",2954
"ENSG00000175556.17",2955
"ENSG00000286163.1",2956
"ENSG00000125675.20",2957
"ENSG00000225689.2",2958
"ENSG00000102038.16",2959
"ENSG00000213468.7",2960
"ENSG00000232160.7",2961
"ENSG00000076770.16",2962
"ENSG00000076716.9",2963
"ENSG00000147257.16",2964
"ENSG00000223749.11",2965
"ENSG00000165359.16",2966
"ENSG00000022267.19",2967
"ENSG00000129682.16",2968
"ENSG00000101974.15",2969
"ENSG00000277215.2",2970
"ENSG00000284377.2",2971
"ENSG00000013619.15",2972
"ENSG00000029993.15",2973
"ENSG00000147394.20",2974
"ENSG00000182492.16",2975
"ENSG00000160219.12",2976
"ENSG00000203870.6",2977
"ENSG00000185010.15",2978
"ENSG00000155962.13",2979
"ENSG00000168939.13",2980
"ENSG00000231535.8",2981
"ENSG00000229308.1",2982
"ENSG00000099715.15",2983
"ENSG00000092377.15",2984
"ENSG00000286217.2",2985
"ENSG00000241859.8",2986
"ENSG00000165246.15",2987
"ENSG00000211459.2",2988
"ENSG00000210082.2",2989
"ENSG00000198888.2",2990
"ENSG00000198763.3",2991
"ENSG00000198804.2",2992
"ENSG00000198712.1",2993
"ENSG00000198899.2",2994
"ENSG00000198938.2",2995
"ENSG00000198840.2",2996
"ENSG00000198886.2",2997
"ENSG00000210176.1",2998
"ENSG00000198786.2",2999
"ENSG00000198727.2",3000
